scene,variant,norm,task,n_frames,auprc,auroc,effect_size,fp_rejection_at_recall0.95,fp_rejection_at_recall0.99,kept_frac_at_recall0.95,kept_frac_at_recall0.99,mean_fp,mean_separation,mean_tp,median_fp,median_tp,n_neg,n_pos,precision_at_recall0.95,precision_at_recall0.99,prevalence,top10_fp_retained,top10_iou,top10_precision,top10_recall,top10_tp_retained,top1_fp_retained,top1_iou,top1_precision,top1_recall,top1_tp_retained,top20_fp_retained,top20_iou,top20_precision,top20_recall,top20_tp_retained,top30_fp_retained,top30_iou,top30_precision,top30_recall,top30_tp_retained,top50_fp_retained,top50_iou,top50_precision,top50_recall,top50_tp_retained,top5_fp_retained,top5_iou,top5_precision,top5_recall,top5_tp_retained
Cantina,I0_raw_c,raw,tp_vs_fp,25,0.922120705221337,0.2395715562750972,1.02392299839339,0.24792823668509167,0.07089942760424538,0.9172628716144402,0.9810153802006337,0.5944810509681702,0.06884505271911621,0.6633261036872864,0.5948093175888062,0.6740254402160645,5060.16,26666.16,0.852981307082635,0.8321459926318846,0.8246157932329914,0.03964274924096747,0.11398674403810466,0.9344830507313643,0.11494454929333936,0.11494454929333936,0.0026780667606074947,0.011788829562887617,0.9567602540423388,0.011795187942721911,0.011795187942721911,0.09307369000395002,0.22242562523522263,0.9225505419940254,0.22674853123978816,0.22674853123978816,0.12579538842365484,0.3341488282701327,0.9300959842496455,0.3430500946053668,0.3430500946053668,0.1997763211791028,0.5477230389313287,0.9311236142130253,0.5719034487313928,0.5719034487313928,0.01591370326514581,0.05824877056746356,0.9484722328857864,0.05843443790700102,0.05843443790700102
Cantina,I0_raw_c,raw,gt_all_pixels,25,0.7598494057214521,0.07519738905842378,,0.5868459546855531,0.26367948190139257,0.4507704851487921,0.754684359340444,,,,,,529819.4,41716.6,0.22633769465829334,0.10807766519674905,0.07299032781837014,0.04751609890934197,0.4643992757060406,0.552734016866711,0.7933479569712122,0.7933479569712122,0.000802394647491668,0.154445364142646,0.9243814523184604,0.15805972247532332,0.15805972247532332,0.148300303135889,0.29030806793081765,0.30881188378664476,0.8667986765613065,0.8667986765613065,0.25355563727846603,0.20692555084709535,0.2141930818086912,0.8972534805467834,0.8972534805467834,0.4659069047957354,0.13326007080486524,0.13518084600095182,0.9380511960452407,0.9380511960452407,0.010861356620255851,0.5010483322919178,0.793363894040662,0.6143186748336632,0.6143186748336632
Cantina,I0_raw_c,alpha,tp_vs_fp,25,0.8978377265709737,0.31730533647485415,0.7334996594717434,0.3017371587599761,0.07956713110573309,0.8949825338416818,0.9726188474535923,0.6378618931770325,0.03592000246047974,0.6737818956375122,0.6363035869598389,0.6775771975517273,5060.16,26666.16,0.8759374869323527,0.8380117476885048,0.8246157932329914,0.05829879452192252,0.11027828887749778,0.9070391822994799,0.11154515434955377,0.11154515434955377,0.003930218376500096,0.011600995111846512,0.9408627703711366,0.011609309748992143,0.011609309748992143,0.13772833442233165,0.2129265031103075,0.8899206874944474,0.21864035944285454,0.21864035944285454,0.1883788590384454,0.3188951923279267,0.8981133729770687,0.33093514544546565,0.33093514544546565,0.2989643074012974,0.521801337541882,0.9017600751841844,0.5536675957897902,0.5536675957897902,0.023083049326920322,0.05697420236150087,0.9285061867820683,0.05721965523162484,0.05721965523162484
Cantina,I0_raw_c,alpha,gt_all_pixels,25,0.6348855790381203,0.09711145123638856,,0.4660753473914385,0.20210663088546765,0.5633457909912937,0.8119691497998376,,,,,,529819.4,41716.6,0.14286837941026095,0.09376146611633535,0.07299032781837014,0.050090059049054725,0.4382282218705582,0.5300052489764496,0.7721081510362844,0.7721081510362844,0.0026387630916651266,0.12327419299204743,0.7560314960629922,0.129775049498373,0.129775049498373,0.14999387940067294,0.28009241133451446,0.30090405661945463,0.8396672222282439,0.8396672222282439,0.2560111426100643,0.19799883351784156,0.2066473425443687,0.8612536427790451,0.8612536427790451,0.468096203053023,0.1287882682317793,0.1311866969009826,0.908274700832584,0.908274700832584,0.01586594410913904,0.4307724534678608,0.7030507051125032,0.5602445367486875,0.5602445367486875
Cantina,I1_beta_mean,raw,tp_vs_fp,25,0.9286830470409317,0.22909143537905416,1.065235753633705,0.2942489792303573,0.11068170507811867,0.8996488446474333,0.9687066217257736,0.7564049649238587,0.08055842161178589,0.8369633865356445,0.7672826266288757,0.8534235262870788,5060.16,26666.16,0.8692749166200041,0.8414483061200636,0.8246157932329914,0.044027346456705516,0.11422516574610492,0.9340407655402769,0.11517037579249134,0.11517037579249134,0.0006390677958132174,0.012201515676114195,0.9890821401252965,0.012203330532272896,0.012203330532272896,0.08241408400325435,0.22636872961834353,0.9344540528057687,0.2301524396219925,0.2301524396219925,0.11041177137176093,0.33900664539510467,0.9395425090834493,0.3469284432673358,0.3469284432673358,0.18259177333165222,0.5542219066152093,0.937881858982005,0.5765324541543366,0.5765324541543366,0.017510161515226927,0.05816606031686242,0.9467513228432081,0.05836531910899329,0.05836531910899329
Cantina,I1_beta_mean,raw,gt_all_pixels,25,0.7737738394444446,0.06497474563568302,,0.6354982793088029,0.28993890739433015,0.40511925757957506,0.7303058425016097,,,,,,529819.4,41716.6,0.2560449317922027,0.11647108831797164,0.07299032781837014,0.04701508193376376,0.4703548292835867,0.5574748923959828,0.8033610093848234,0.8033610093848234,0.0007633446231703661,0.1557800576914277,0.928132983377078,0.1592362960203211,0.1592362960203211,0.14705346390776833,0.2971618676972457,0.31448537709851543,0.8835381188147015,0.8835381188147015,0.2521388298641952,0.21188896601966087,0.2184475770000175,0.9145335806353374,0.9145335806353374,0.46467034975012744,0.13575187359246393,0.13737465356512976,0.9511267802668804,0.9511267802668804,0.010706664383315962,0.5048008790023671,0.7963565104804563,0.6180535181586971,0.6180535181586971
Cantina,I1_beta_mean,alpha,tp_vs_fp,25,0.9019400038325973,0.31484836712292624,0.7978250886472843,0.28796342713802314,0.14800302056560163,0.8951749932418523,0.9537025672361606,0.8113721466064453,0.039064528942108157,0.8504366755485535,0.8136252593994141,0.857612919807434,5060.16,26666.16,0.8760257529038943,0.8559915866127323,0.8246157932329914,0.06380862751878004,0.11083624584921362,0.9080618060659856,0.11208111681377858,0.11208111681377858,0.001146434994882535,0.012087947187994125,0.980413388094822,0.01209111475250515,0.01209111475250515,0.13227008591631295,0.2164825380850229,0.8998475703576831,0.22178602348020537,0.22178602348020537,0.18512930731713495,0.3217329757630688,0.9029715906382644,0.33335608032569697,0.33335608032569697,0.2966625973874544,0.5228048598501687,0.9025077647730287,0.5542306680706862,0.5542306680706862,0.025215458515848704,0.056882978837009185,0.926561019915848,0.05714698230134465,0.05714698230134465
Cantina,I1_beta_mean,alpha,gt_all_pixels,25,0.7170628562726469,0.04683298701673202,,0.7644383315025419,0.350037701909461,0.28338428375465413,0.6743522717729067,,,,,,529819.4,41716.6,0.3281514969357234,0.13950461092313107,0.07299032781837014,0.047421343077013775,0.4686826623208999,0.5548364069006544,0.818429191557908,0.818429191557908,0.0020748881211188307,0.13039393875836702,0.8064951881014873,0.13652375923784216,0.13652375923784216,0.14354237371417825,0.3159671508520922,0.33024924107884907,0.9263805438881407,0.9263805438881407,0.24827533262756554,0.22556129996542001,0.22986241769265317,0.9557518545270232,0.9557518545270232,0.4618194635549905,0.14163478546189442,0.14237857282830826,0.9779953965061615,0.9779953965061615,0.013364526154266334,0.4690606879569276,0.7487126010427966,0.5941561113551331,0.5941561113551331
Cantina,I2_mean_support,raw,tp_vs_fp,25,0.9144185598730195,0.2779295210020098,0.94869664355716,0.27390224447423267,0.15339900993925976,0.8969538483000253,0.9484735460919002,0.6932595884799957,0.10049115538597107,0.7937507438659668,0.704963265657425,0.8146898651123047,5060.16,26666.16,0.8743297344785134,0.861612603757165,0.8246157932329914,0.05292165189104911,0.11245847300400495,0.9210714507649825,0.11357574881910662,0.11357574881910662,0.0007976532528281813,0.012139183963559699,0.9846097432888192,0.012141712900389538,0.012141712900389538,0.10952004349845301,0.22072214752178612,0.9153431012744339,0.22541148197036345,0.22541148197036345,0.15312817367896564,0.3290356976705084,0.9184081300089718,0.33907604140039815,0.33907604140039815,0.2334332748301644,0.540616796230693,0.9221929735681974,0.5668394701826327,0.5668394701826327,0.02135068971376954,0.05732120969339034,0.9341176690095553,0.057565486915593204,0.057565486915593204
Cantina,I2_mean_support,raw,gt_all_pixels,25,0.7668300402948447,0.06331226058778641,,0.6459238016948724,0.29575705061656554,0.3952446040144453,0.7248972593152487,,,,,,529819.4,41716.6,0.269671314730407,0.1189072468088919,0.07299032781837014,0.04711515409212718,0.46972427594575294,0.5568184204080204,0.806780350114041,0.806780350114041,0.0009193405156330735,0.15255260353238773,0.9134838145231846,0.15640423536893122,0.15640423536893122,0.1466624215331637,0.29930874774490557,0.31625814692013615,0.8886177147153438,0.8886177147153438,0.2518590064960309,0.21286340848447935,0.21928368550282573,0.9179324362447447,0.9179324362447447,0.4645637851167404,0.13596734623780837,0.13756571764508274,0.9524954632012439,0.9524954632012439,0.010818040289404491,0.5046966335561195,0.7945298666759981,0.6196134425929708,0.6196134425929708
Cantina,I2_mean_support,alpha,tp_vs_fp,25,0.8853126049665978,0.3662315845520797,0.6328873101340579,0.24041687849884322,0.1555294074181758,0.9024441607273976,0.9488078283190248,0.7456780636310577,0.06113596558570862,0.8068140292167664,0.7555800932645798,0.8207858943939209,5060.16,26666.16,0.8693502311460203,0.8614747901830938,0.8246157932329914,0.07727972800802929,0.10809022663163878,0.8879230406844181,0.10958528531817413,0.10958528531817413,0.0011837928191092057,0.012041028071668741,0.9774802229336924,0.012044761009114415,0.012044761009114415,0.1639761672182216,0.21039096987214057,0.8784957037814328,0.21659306881098522,0.21659306881098522,0.24167226986022464,0.3092546305118241,0.8758467755979974,0.32328789801352664,0.32328789801352664,0.3479904595256748,0.5087272982286928,0.8858915259440205,0.5436900127551759,0.5436900127551759,0.03135572235287316,0.05562482990601649,0.9074327782233046,0.05595155643171412,0.05595155643171412
Cantina,I2_mean_support,alpha,gt_all_pixels,25,0.6749041659065773,0.05657528772680596,,0.7224689932439006,0.33079302771850805,0.3204743008314437,0.6908259147280311,,,,,,529819.4,41716.6,0.3018843466117047,0.1355737067551075,0.07299032781837014,0.04851913873563035,0.45621553773721746,0.5449004444133394,0.8089926012376655,0.8089926012376655,0.0024524203651536,0.12388419153075356,0.7717305336832897,0.1305505986311713,0.1305505986311713,0.1447204690546504,0.30876902867430167,0.32497292379294357,0.9182330074238881,0.9182330074238881,0.2490715281932252,0.22264549339556006,0.22745720601186278,0.9496388931669025,0.9496388931669025,0.46320253289703467,0.13878449862862588,0.13991363623638756,0.9663138529249758,0.9663138529249758,0.015469551853187167,0.43274502982511753,0.7095762326346363,0.5641847204550272,0.5641847204550272
Cantina,I3_mean_agreement,raw,tp_vs_fp,25,0.9196162265186442,0.260142875367486,0.9004258805342128,0.27288126660546913,0.1138661449484854,0.9053285395895416,0.9656336374566072,0.6724967932701111,0.09542650938034057,0.7679233026504516,0.6780579471588135,0.7877342867851257,5060.16,26666.16,0.8642479943103019,0.8445408221687265,0.8246157932329914,0.04952335598414205,0.11327910532406048,0.9269128553144083,0.11431805534816003,0.11431805534816003,0.0008160462576620065,0.01218094274495225,0.9874145513027918,0.012183015190915119,0.012183015190915119,0.09891922143649681,0.223220449922665,0.9236156817599677,0.22754873590070526,0.22754873590070526,0.13752977908950126,0.33298246444668966,0.9268706377304157,0.3422989251031231,0.3422989251031231,0.22322721257339795,0.5427368424504084,0.9257903680645544,0.5688953624581026,0.5688953624581026,0.019536640988127706,0.05795941037541988,0.943062597028829,0.05816809235565887,0.05816809235565887
Cantina,I3_mean_agreement,raw,gt_all_pixels,25,0.7638586809685927,0.0692245010379169,,0.6022241251148832,0.2655634037631977,0.4345409563002156,0.7519450743260268,,,,,,529819.4,41716.6,0.23261131834505322,0.10912946083630518,0.07299032781837014,0.04734678948072304,0.4667772425864583,0.554640445113203,0.802712558245744,0.802712558245744,0.0008862292684435827,0.15339410003278836,0.9166824146981628,0.15719173134094344,0.15719173134094344,0.14786605919731208,0.2921036482047938,0.31090029482008974,0.8779245204443608,0.8779245204443608,0.2529175340546413,0.20891019113535098,0.21615154466613398,0.9087970969755931,0.9087970969755931,0.46538361095715985,0.1342513650718505,0.13611419053217996,0.9457452429459586,0.9457452429459586,0.010802432858456239,0.504152576565242,0.7947188298281834,0.6182011619984311,0.6182011619984311
Cantina,I3_mean_agreement,alpha,tp_vs_fp,25,0.8937906196677949,0.34481454328491296,0.6037078954854638,0.2655623967656135,0.11483903768230189,0.9000815126546358,0.9641924029437253,0.7220517754554748,0.05803766250610352,0.7800894379615784,0.7301529335975647,0.7927148962020873,5060.16,26666.16,0.8694849876329812,0.8462709214448335,0.8246157932329914,0.06722769940857577,0.11035633573351858,0.9042674142695908,0.11165083251684058,0.11165083251684058,0.0012644631435277027,0.012123089497083154,0.9821322102450012,0.012125676667189977,0.012125676667189977,0.15145905093552967,0.21293587746405757,0.8874789500136201,0.21881903970477165,0.21881903970477165,0.2129752456010793,0.31603058893126645,0.8906495363354577,0.3289245441390236,0.3289245441390236,0.33723491470471223,0.5131905727162756,0.8917297398487324,0.5477604882644546,0.5477604882644546,0.026070161756874047,0.05690866852479314,0.9263728251774052,0.057169698346728894,0.057169698346728894
Cantina,I3_mean_agreement,alpha,gt_all_pixels,25,0.6905254803444169,0.05630647753644685,,0.7156463492689074,0.30592768079755284,0.32727079309089896,0.7142137678116515,,,,,,529819.4,41716.6,0.28917157753386574,0.12360159004540108,0.07299032781837014,0.048103709388856004,0.4610049879364595,0.5487251985862757,0.8131954733674985,0.8131954733674985,0.0023165097968202257,0.12630825595192274,0.7841259842519684,0.1328909148859193,0.1328909148859193,0.14474927410806118,0.3085724205769865,0.3248626943231823,0.9171757679513851,0.9171757679513851,0.24934100073596965,0.22156750172014403,0.22664839234578124,0.9461758911967035,0.9461758911967035,0.46320908431050994,0.1387660232621956,0.13990719744688,0.9664789900042514,0.9664789900042514,0.014383052853713859,0.45319953589023015,0.7301606186793574,0.5822828426253494,0.5822828426253494
Cantina,I4_mean_support_agreement,raw,tp_vs_fp,25,0.9101790719918182,0.2930985569249789,0.8975285187976101,0.27572458935038313,0.15108664332755042,0.8966257924688955,0.9491861530565261,0.6283590346574783,0.10477953016757965,0.733138564825058,0.6316595053672791,0.7521357488632202,5060.16,26666.16,0.8748295225359622,0.8610408275782143,0.8246157932329914,0.05682229991147538,0.11197729399283352,0.9171610627432305,0.11313913886594362,0.11313913886594362,0.0007227058426740243,0.0121876500493607,0.9880667736713726,0.012189649796114968,0.012189649796114968,0.11735615386694782,0.21959620156365292,0.9109152671122537,0.22446035976878423,0.22446035976878423,0.1648478836754471,0.32642599397885314,0.9129648296440546,0.3370744728388609,0.3370744728388609,0.25701051295507754,0.5346565678128505,0.9158193217247919,0.562950381811852,0.562950381811852,0.023895854487970093,0.05705596443267677,0.929514818170531,0.05731298280231818,0.05731298280231818
Cantina,I4_mean_support_agreement,raw,gt_all_pixels,25,0.7605572140163754,0.06771800084394768,,0.61276861683006,0.26981462500218695,0.42454739508972317,0.7479062736205594,,,,,,529819.4,41716.6,0.24647676072743013,0.11023307618780058,0.07299032781837014,0.047070480757126276,0.47021030756167287,0.5572355390698814,0.8075903784101919,0.8075903784101919,0.0010120543700462613,0.15094295063199395,0.9049168853893265,0.15502446795440813,0.15502446795440813,0.1475203085695879,0.2939735828948866,0.3124673029648228,0.8823717133929382,0.8823717133929382,0.252677145970198,0.20973815659364906,0.2168703086999376,0.9117633848220288,0.9117633848220288,0.46531425829764494,0.1343903868166325,0.13623890708546793,0.9467303053113691,0.9467303053113691,0.01082416281137738,0.5054925892672295,0.7945130699513595,0.6203477888229421,0.6203477888229421
Cantina,I4_mean_support_agreement,alpha,tp_vs_fp,25,0.8833101128802352,0.37693684030686614,0.5898998637450477,0.24573901038776935,0.1488737099280935,0.9001928803404047,0.9495457837090935,0.6761733502149582,0.0687688535451889,0.7449422037601471,0.6857264459133148,0.7584502530097962,5060.16,26666.16,0.8709657093999471,0.8608056188276548,0.8246157932329914,0.07935861504739275,0.10805888816721441,0.8872390780927195,0.10956007000094782,0.10956007000094782,0.0012750549236856907,0.012101565442307402,0.9807622090502908,0.012104443836729588,0.012104443836729588,0.17305872885478657,0.20882344162072553,0.8728815621648469,0.21527401469669935,0.21527401469669935,0.24452522850563033,0.3090441056002275,0.8753004932142313,0.3232185755232462,0.3232185755232462,0.3663944828480185,0.505134672542233,0.8821025244627997,0.5416183769778878,0.5416183769778878,0.032798807908310884,0.05562545736194445,0.9066914529543925,0.055950998013292265,0.055950998013292265
Cantina,I4_mean_support_agreement,alpha,gt_all_pixels,25,0.6671063778202679,0.057601777785251745,,0.717434760096773,0.31986122852927457,0.3251163881190336,0.7010438537554938,,,,,,529819.4,41716.6,0.298529632066566,0.13290742624609148,0.07299032781837014,0.04849916717401428,0.4566581817028395,0.545206284774469,0.8115270405225486,0.8115270405225486,0.0026251241744439124,0.12101794098899842,0.755583552055993,0.12794743604942407,0.12794743604942407,0.14450936658032906,0.30991752456209537,0.32586560753059746,0.918984323241192,0.918984323241192,0.24902475289899934,0.22284248951205599,0.2275453893305183,0.948770521999417,0.948770521999417,0.46335131122128537,0.13848599387675326,0.13964306710338456,0.9646286464938254,0.9646286464938254,0.01590289766730495,0.4275268393436032,0.7019057283829652,0.5608963007677271,0.5608963007677271
Cantina,I5_full_confirmed,raw,tp_vs_fp,25,0.9089775864266454,0.29732623242302625,0.885947223933908,0.27406493079901134,0.15088782241191015,0.8967617977448381,0.9491902542139,0.6248321628570557,0.10500300288200379,0.7298351657390595,0.6277811446785927,0.7485686254501343,5060.16,26666.16,0.8747479188751954,0.8610539015910038,0.8246157932329914,0.05803834701577815,0.11165630286941865,0.9149657470764839,0.11285003511132903,0.11285003511132903,0.0007695324162108816,0.012180787601399875,0.9874748100067708,0.012182864420056748,0.012182864420056748,0.11965906891762533,0.21922297766452772,0.9095438190304627,0.22414647553702827,0.22414647553702827,0.1682822851392817,0.32575421855748615,0.9114763112791274,0.33654322110965884,0.33654322110965884,0.26231176201110895,0.5335756140333587,0.914473877361759,0.5621746852824454,0.5621746852824454,0.024207742991619347,0.057007954738342345,0.9287651388102315,0.057267398035587294,0.057267398035587294
Cantina,I5_full_confirmed,raw,gt_all_pixels,25,0.765671362754472,0.06021959021208173,,0.6435705733145473,0.31075385269050154,0.39672615548276924,0.7101548108955515,,,,,,529819.4,41716.6,0.2586795245321976,0.11818220125682666,0.07299032781837014,0.04687428143844191,0.47249879072911566,0.5590761801448718,0.8110584474397224,0.8110584474397224,0.0010253149362905913,0.15072330280792592,0.9037060367454067,0.15483547285208668,0.15483547285208668,0.14656152775489095,0.29918385784702295,0.3167673020899857,0.8923451776767203,0.8923451776767203,0.25123288123953125,0.2148231680518647,0.22113576848379513,0.9251179222199242,0.9251179222199242,0.46338998580194435,0.1383292112753229,0.13959281655048852,0.9612329763654647,0.9612329763654647,0.010869792503758868,0.5048614127830778,0.7936928298981698,0.6199822937968906,0.6199822937968906
Cantina,I5_full_confirmed,alpha,tp_vs_fp,25,0.8822468912122663,0.3805701508995064,0.579696662448185,0.2455274196064889,0.1487411389432771,0.9002195069586791,0.9494942093563319,0.6724925231933594,0.06911858081817628,0.7416111040115356,0.6819911062717438,0.7547301721572875,5060.16,26666.16,0.870970635648323,0.8608920253554218,0.8246157932329914,0.08021158675680569,0.10784584171526156,0.8857555595741019,0.10936657998430109,0.10936657998430109,0.001296748482859027,0.012099167275585345,0.9805470179523732,0.012102073164122214,0.012102073164122214,0.17563542282677502,0.20837667005965202,0.8712557099874145,0.21489598795489667,0.21489598795489667,0.24934026529716544,0.3082489641807006,0.8734575502319809,0.32257946523736736,0.32257946523736736,0.37156086032298274,0.5041909373544121,0.880873064378318,0.5409259986500584,0.5409259986500584,0.03315227137357217,0.055557832961091375,0.9057062754857184,0.05588695165292394,0.05588695165292394
Cantina,I5_full_confirmed,alpha,gt_all_pixels,25,0.6689138387602341,0.06187448547245977,,0.6541220103668327,0.30164352592711824,0.3862523445592228,0.7185719184793258,,,,,,529819.4,41716.6,0.26110823331528255,0.11195845721972249,0.07299032781837014,0.048490259352409824,0.4562742535974258,0.5450761101585191,0.8044447017061692,0.8044447017061692,0.0025682969217790752,0.1222833709738325,0.7609798775153105,0.12912039804700806,0.12912039804700806,0.14523808441508618,0.3057247261543006,0.32250448353994066,0.9048895008596307,0.9048895008596307,0.24998383985409095,0.21917736612385197,0.22467173293052065,0.9340264628738231,0.9340264628738231,0.46353379061702493,0.13804295594559476,0.13930922986478544,0.9593305318155854,0.9593305318155854,0.015454387918633974,0.4346338530872446,0.71012912482066,0.5655943845821092,0.5655943845821092
Cantina,I6_rawc_full_confidence,raw,tp_vs_fp,25,0.9069634500833313,0.291748552066924,0.9106565951365604,0.2718240793270065,0.1477979535102404,0.8977317389556617,0.9495045127493837,0.48958417773246765,0.08939316987991333,0.578977347612381,0.48492026299238206,0.5931022846698761,5060.16,26666.16,0.8738582272827162,0.8607872006741141,0.8246157932329914,0.05554896211253521,0.11139074403741235,0.9145393896005607,0.11260924091311943,0.11260924091311943,0.00511934663198709,0.011462197336020212,0.9283481805713129,0.011471900725998381,0.011471900725998381,0.12187262484054626,0.21728309933312648,0.9041082994771544,0.22243726695584037,0.22243726695584037,0.16520021693017778,0.32548862344502616,0.9114927838233755,0.3362765258198305,0.3362765258198305,0.2562231847214288,0.5345762327873982,0.9157337324248693,0.5627472880704313,0.5627472880704313,0.02747455661317341,0.056428116079663165,0.9192909277703899,0.056710371917454164,0.056710371917454164
Cantina,I6_rawc_full_confidence,raw,gt_all_pixels,25,0.7605294514963528,0.06296391052674292,,0.6303771752660535,0.309108725619073,0.40904202010022117,0.7116915119957448,,,,,,529819.4,41716.6,0.24415687954157733,0.11739041542826159,0.07299032781837014,0.04722108962265615,0.46833946820789024,0.5558554081954019,0.8054966458380107,0.8054966458380107,0.0010016991499544406,0.15114452652792112,0.9059807524059492,0.15516856977660676,0.15516856977660676,0.14715329646807734,0.2959461370139775,0.3141004487914126,0.8851762424790378,0.8851762424790378,0.251854052368698,0.2126292895474775,0.21929581654137092,0.9187743643528903,0.9187743643528903,0.4637201362512255,0.13764804634494657,0.13902452338960278,0.9589187334745342,0.9589187334745342,0.01081209263490216,0.5051427062143921,0.7946628407460545,0.6198384212205754,0.6198384212205754
Cantina,I6_rawc_full_confidence,alpha,tp_vs_fp,25,0.8824153994447275,0.36365101851280685,0.6298771253532387,0.25930077495677684,0.15064342601885516,0.8994877277241312,0.9488142021954792,0.5271402925252915,0.06097973167896271,0.5881200242042541,0.5280281740427017,0.5980077397823333,5060.16,26666.16,0.8720194036601625,0.8615351581736037,0.8246157932329914,0.07654656813242736,0.10731742261175277,0.8842407867273009,0.10887885705932279,0.10887885705932279,0.007957531996918378,0.011072765093502404,0.8949548811768312,0.011085879837295046,0.011085879837295046,0.16652933152388577,0.2083866307505182,0.8730084083153254,0.21484232009505477,0.21484232009505477,0.23105830403576522,0.31045294425848685,0.8791587171257479,0.32423168487216764,0.32423168487216764,0.3469390647694403,0.5108174158741591,0.8888051790057203,0.5459144960041188,0.5459144960041188,0.03769798105611159,0.05476705397751249,0.8926049234945829,0.05512507643733306,0.05512507643733306
Cantina,I6_rawc_full_confidence,alpha,gt_all_pixels,25,0.6441109090059617,0.06621855734578479,,0.6293133331689146,0.2996119258872897,0.4094618711682203,0.7204757705551356,,,,,,529819.4,41716.6,0.22871747666320405,0.11121181099941393,0.07299032781837014,0.04940502458723028,0.4462480496933061,0.5367113412884488,0.7922076443344079,0.7922076443344079,0.0027921224933801954,0.1205511108798127,0.741599300087489,0.12743431337650554,0.12743431337650554,0.14629727594426403,0.29975678358080027,0.3177320724015152,0.892462318720377,0.892462318720377,0.2507659674600082,0.21631551141801986,0.22235773732802208,0.9262545603309507,0.9262545603309507,0.4637211049752661,0.1376544998486063,0.13898435094202288,0.9580059387374064,0.9580059387374064,0.016101606630528852,0.42621734859658567,0.6985407845470134,0.5584024961832726,0.5584024961832726
Cantina,V0_verification,raw,tp_vs_fp,25,0.7971940208099153,0.5145359195812926,-0.2034512748838946,0.05413383037467362,0.0034011017074496806,0.9516398886161955,0.9913447464896932,0.13157280936837196,-0.024444599002599716,0.10712821036577225,0.12297789022326469,0.10069852337241172,5060.16,26666.16,0.8239367426098542,0.8236261072115512,0.8246157932329914,0.15583364155706947,0.07816085872664194,0.6857427978380772,0.07990353529435745,0.07990353529435745,0.024553529018589555,0.006854525511018513,0.5822693065714694,0.006868332276472584,0.006868332276472584,0.2680375685665677,0.16432395339906183,0.7298472344482431,0.17135483661869647,0.17135483661869647,0.35333251865849236,0.2539180468958541,0.7600113230851246,0.26888050458785334,0.26888050458785334,0.49199350604584696,0.43832490330813884,0.8069476500887174,0.4827435768722046,0.4827435768722046,0.09180404893168821,0.03678660724214573,0.6417888715998334,0.03724794845112757,0.03724794845112757
Cantina,V0_verification,raw,gt_all_pixels,25,0.54150196818785,0.0959653132611663,,0.5680644917981872,0.25936406748065655,0.4681093754374177,0.7587226001511717,,,,,,529819.4,41716.6,0.19937997336453062,0.10549646883451766,0.07299032781837014,0.05438831267873895,0.3920275391344808,0.4898680757252336,0.7028939443383794,0.7028939443383794,0.004403965995023814,0.08770242362892476,0.5879965004374452,0.09294942313047658,0.09294942313047658,0.15052892843803198,0.2785413795441759,0.29882999291381984,0.8424942838335164,0.8424942838335164,0.254646624372694,0.20325027395673032,0.21097905646181933,0.8870670638658467,0.8870670638658467,0.4661953142647713,0.13269115075330795,0.13467540102460737,0.9353623188469404,0.9353623188469404,0.020250012187065566,0.35441097076636585,0.6194730027644609,0.47122341073159923,0.47122341073159923
Cantina,V0_verification,alpha,tp_vs_fp,25,0.7871886682974428,0.5490257782038035,-0.3213549886467344,0.03947244974360733,0.001087586113416581,0.9535423434528384,0.9916355619462303,0.1388796055316925,-0.030054048746824265,0.10882555678486824,0.12959498837590216,0.10245077669620514,5060.16,26666.16,0.8222225316246096,0.8233757285998545,0.8246157932329914,0.17162164703094376,0.0755693118412268,0.6648088971891647,0.07741922126396436,0.07741922126396436,0.026313043992518804,0.006578021782842476,0.5584975435200775,0.00659323469390922,0.00659323469390922,0.288332154069689,0.16111725129679982,0.7171573848064687,0.16845861576687274,0.16845861576687274,0.3825551809920753,0.24818506429094256,0.7463771199384346,0.2639354761395199,0.2639354761395199,0.5302609770568826,0.42974664190362427,0.7959704390959723,0.47599365248092973,0.47599365248092973,0.0967594832945727,0.035858356745091004,0.6267095801162393,0.03632984619387449,0.03632984619387449
Cantina,V0_verification,alpha,gt_all_pixels,25,0.06792101364123168,0.6460122930557363,,0.24588259207407667,0.15391668177297313,0.7671499258139469,0.8563521457965904,,,,,,529819.4,41716.6,0.08988828773082,0.08562230788122172,0.07299032781837014,0.10398202142028724,0.020483572894065306,0.03659236448892466,0.04683621319972939,0.04683621319972939,0.009715852043951175,0.012738605298966034,0.09877165354330707,0.01471179592639147,0.01471179592639147,0.209484907061162,0.02143655449111051,0.02975985722659155,0.07578031526786169,0.07578031526786169,0.3155889834808857,0.020437070964767958,0.025672543610500344,0.09818508515543023,0.09818508515543023,0.5269227524558775,0.02090086562754444,0.023973293020912067,0.1520970674393283,0.1520970674393283,0.05124807441270278,0.020011630168991306,0.0500794345102705,0.033186039346770425,0.033186039346770425
Cantina,U0_uncertainty,raw,tp_vs_fp,25,0.7632030323080917,0.5989668194448623,-0.43273381777170483,0.08739992910970802,0.02385885516144135,0.9458160621391738,0.9883294744451292,0.6272665786743165,-0.04510824918746948,0.5821583294868469,0.6351015758514404,0.5779674315452575,5060.16,26666.16,0.8287174314994072,0.8261238719764851,0.8246157932329914,0.23354776161305243,0.06652351233358322,0.5892138944731767,0.06885123088960324,0.06885123088960324,0.035922621016905,0.005104066167624261,0.4318560602662826,0.0051176151915763805,0.0051176151915763805,0.36417188840129344,0.1472928835522658,0.6649088368788978,0.1560618484759228,0.1560618484759228,0.4642485402520063,0.23278371213433607,0.7096735776589579,0.2509180214023341,0.2509180214023341,0.6062746909955468,0.41350912473603585,0.7747725715915296,0.46301096742367376,0.46301096742367376,0.1447388084888662,0.029637152466578675,0.5162826702592438,0.03020297529084924,0.03020297529084924
Cantina,U0_uncertainty,raw,gt_all_pixels,25,0.5822522283061783,0.08257820501299941,,0.588528090441776,0.2664226184833493,0.4491224349822233,0.7521286498138351,,,,,,529819.4,41716.6,0.22057479664227558,0.10811661375838084,0.07299032781837014,0.04920967028807345,0.4457298715331844,0.537346117507086,0.772850944195427,0.772850944195427,0.004882072343322011,0.08343224737231109,0.5445389326334208,0.09005345366298315,0.09005345366298315,0.14862785618841579,0.288650126794853,0.30736875256983387,0.8637405166935145,0.8637405166935145,0.2535865648251029,0.20682380087968133,0.21410583164684682,0.8971889221432854,0.8971889221432854,0.46576279038675833,0.13354646332250414,0.1354344783180762,0.939389056775857,0.939389056775857,0.01709524873867757,0.4057865106657478,0.6785442838646462,0.528746686476448,0.528746686476448
Cantina,U0_uncertainty,alpha,tp_vs_fp,25,0.7415532165170791,0.6805479110374124,-0.763438175781992,0.02346364999705224,0.0007516201037363235,0.9554745981595419,0.9916617103132286,0.6707613301277161,-0.07756120443344117,0.5932001256942749,0.6786543655395508,0.5850342750549317,5060.16,26666.16,0.8204458664070111,0.8233501203899316,0.8246157932329914,0.25898844235007895,0.06226097153008402,0.5546932770195911,0.06467680030233704,0.06467680030233704,0.03616050877632138,0.00526138503008554,0.4415247211194423,0.0052757214107706065,0.0052757214107706065,0.41720468013630596,0.1380882967696565,0.6294522873636901,0.1475675658645288,0.1475675658645288,0.5379447792560745,0.2187590935339929,0.6757051523693782,0.23867584665404754,0.23867584665404754,0.6963863439986959,0.39412965660011134,0.7489929578433948,0.4472308934741246,0.4472308934741246,0.1557430568229918,0.028090691064734656,0.4898758302893473,0.02868896953057373,0.02868896953057373
Cantina,U0_uncertainty,alpha,gt_all_pixels,25,0.05543736679493933,0.6485366685842782,,0.245560538173001,0.15391033109242394,0.7674440805128636,0.856358164665043,,,,,,529819.4,41716.6,0.08984849393664858,0.08562172516547617,0.07299032781837014,0.10471888054985909,0.01522704101780313,0.029529341778353223,0.03474213200828661,0.03474213200828661,0.010470808328135073,0.0028710503798318066,0.029340332458442694,0.0033119200089880303,0.0033119200089880303,0.20922447930086752,0.021173221845560485,0.030580104455545154,0.07260144071548712,0.07260144071548712,0.3145114012629927,0.022364859354323433,0.028629717545097716,0.10346706085274249,0.10346706085274249,0.5252704390733379,0.02324461539674978,0.026784804456762124,0.16683573019097422,0.16683573019097422,0.05232434294864091,0.010412063807607685,0.03007453546558421,0.017532895424371555,0.017532895424371555
Cantina,S0_support,raw,tp_vs_fp,25,0.9007466301940055,0.3042523557312515,0.7723086911629111,0.2702469513005864,0.16075756980981917,0.8972527638667729,0.9473112125993057,0.8445422649383545,0.08437635898590087,0.9289186239242554,0.8779426729679107,0.9509487009048462,5060.16,26666.16,0.8738930411892042,0.8625414598067561,0.8246157932329914,0.05896847267323263,0.10997865030942153,0.9054426251922933,0.1113312697461793,0.1113312697461793,0.007754558050350838,0.010953317353981558,0.8882614899024165,0.010968037684976797,0.010968037684976797,0.12602655359013348,0.2159973086299144,0.9002704013241966,0.22142384439550739,0.22142384439550739,0.1754248458949249,0.3220699345048239,0.904488215535554,0.3335951334307694,0.3335951334307694,0.2758940981385634,0.5275802096386574,0.9078831462315854,0.5577019655302512,0.5577019655302512,0.027600178227083244,0.055886266036649104,0.9129783334952473,0.05620151042015473,0.05620151042015473
Cantina,S0_support,raw,gt_all_pixels,25,0.7413083825366492,0.07408230796303006,,0.5963383447391026,0.26836224300890876,0.44168339352201785,0.7503512639623751,,,,,,529819.4,41716.6,0.23342068397531152,0.10907706200065827,0.07299032781837014,0.04790741279234503,0.46052392013265686,0.5494376596563669,0.7931521496217955,0.7931521496217955,0.0011221108614627618,0.14774002110348028,0.8942502187226598,0.1522295834793361,0.1522295834793361,0.14810118283069934,0.2914242484286813,0.3097360616585161,0.8700516323679071,0.8700516323679071,0.2533524776935109,0.2076110847273038,0.2148063991228326,0.9002118999098037,0.9002118999098037,0.4657907050900429,0.13349049043420785,0.13539052658100278,0.9397387168913436,0.9397387168913436,0.011229720919471305,0.4970123963678741,0.786901354235924,0.612977545941594,0.612977545941594
Cantina,S0_support,alpha,tp_vs_fp,25,0.8228062101080069,0.4885662475240276,0.16844943732904533,0.14082135882192087,0.10958203158846505,0.9176246606644011,0.955050448465446,0.9079076766967773,0.03697454690933227,0.9448822236061096,0.9250904870033264,0.9582295513153076,5060.16,26666.16,0.8548700499130163,0.8557483362190146,0.8246157932329914,0.16455530280860056,0.09018734516573175,0.7557830553200398,0.09291077732303137,0.09291077732303137,0.030265785672528304,0.006945188146103043,0.5657182610796903,0.006980908355053264,0.006980908355053264,0.27443348187572775,0.18538641438087664,0.79326841667284,0.19494240370690766,0.19494240370690766,0.34767746969898217,0.2849839213350454,0.8230001641453419,0.30366153329728945,0.30366153329728945,0.4817187019319507,0.476272119250899,0.8480336693435652,0.5208513608592976,0.5208513608592976,0.10594883950544647,0.041535967464152446,0.6882881186576426,0.042330599261772586,0.042330599261772586
Cantina,S0_support,alpha,gt_all_pixels,25,0.10090741472214297,0.3340139329768847,,0.3861562323644634,0.19858379573751025,0.6348826320651717,0.814300901430531,,,,,,529819.4,41716.6,0.10775209199228357,0.09106614228526741,0.07299032781837014,0.10155099230176962,0.03363336233477597,0.05874094551562445,0.08335162647918119,0.08335162647918119,0.010509239972582168,0.0028896713214591374,0.026267716535433073,0.0033708828464110267,0.0033708828464110267,0.19633385635924333,0.06844203327252306,0.08955776986536257,0.26060124437887944,0.26060124437887944,0.2888896649407793,0.09258416958463245,0.10664559287534775,0.45392583900553185,0.45392583900553185,0.47768374840052835,0.1098126267134751,0.11360586209792559,0.7942332845799789,0.7942332845799789,0.0522410565394562,0.012625093902186446,0.03209014242222766,0.022862431307350346,0.022862431307350346
Cantina,A0_agreement,raw,tp_vs_fp,25,0.8999346744941945,0.27973468779136884,0.7653878805255502,0.25798921739977415,0.11744295339797438,0.9104369965992906,0.9650430763483666,0.8203555750846863,0.07758955478668213,0.8979451298713684,0.8459139847755432,0.9202866792678833,5060.16,26666.16,0.8595813963868673,0.844828206322067,0.8246157932329914,0.05598096134033317,0.10710463922882385,0.8928458951614933,0.10841240008774551,0.10841240008774551,0.002047029926876466,0.011173217319552753,0.9291573170232894,0.01117836940808427,0.01117836940808427,0.10887507695245956,0.2132182842478151,0.898171800576141,0.21867470011766968,0.21867470011766968,0.1515563561513176,0.3199532450442698,0.9065408179319995,0.33175059453694095,0.33175059453694095,0.24608380934354862,0.5244436119884458,0.9101714741456728,0.5559656979512468,0.5559656979512468,0.023161971530084532,0.054368363014124094,0.9026375649616628,0.054620913133703125,0.054620913133703125
Cantina,A0_agreement,raw,gt_all_pixels,25,0.7363915646003794,0.08123530431011815,,0.5522322387392664,0.2416841408818918,0.4813584446124129,0.774262618627698,,,,,,529819.4,41716.6,0.1995342386975323,0.10201532808944633,0.07299032781837014,0.048314197922256524,0.4557062626920148,0.5456758932008259,0.7871035236564592,0.7871035236564592,0.0011576069565869338,0.1483992251503298,0.8909886264216972,0.15243910358259355,0.15243910358259355,0.149449929375842,0.2834686284919555,0.3037290804587645,0.8579706196696144,0.8579706196696144,0.2545352274941957,0.20323866425788267,0.21130379503210642,0.889917657118606,0.889917657118606,0.46673813077299253,0.13151925118080027,0.13371098233532094,0.9318291940938491,0.9318291940938491,0.011150433951342227,0.49708080860967174,0.7881905028519439,0.6114999249155679,0.6114999249155679
Cantina,A0_agreement,alpha,tp_vs_fp,25,0.8622144134453492,0.4120494225857858,0.35691443939607503,0.19621808552641473,0.10601617476606551,0.9172928601027786,0.9663304159457288,0.8801723623275757,0.03260876893997192,0.9127811312675476,0.8935105216503143,0.9252798867225647,5060.16,26666.16,0.8529650755157876,0.844059783816984,0.8246157932329914,0.07950356996200264,0.10365685162545009,0.8647143866931539,0.1052165969703426,0.1052165969703426,0.0024662539641508575,0.011118222770825241,0.9241276818265733,0.011123858161632156,0.011123858161632156,0.1798526721916613,0.1993879626849947,0.8489014259234691,0.20665830656502104,0.20665830656502104,0.2614690242389696,0.29560291803027616,0.8534727008812415,0.3120155475071508,0.3120155475071508,0.41967033736272763,0.48068936578522425,0.859017946426747,0.524071832305259,0.524071832305259,0.030561778588036798,0.05322404852766189,0.8838038416488532,0.05352626668828469,0.05352626668828469
Cantina,A0_agreement,alpha,gt_all_pixels,25,0.1831557230882148,0.3044969328065657,,0.30977735273336743,0.16472787255050064,0.7070618823661151,0.8461463144928755,,,,,,529819.4,41716.6,0.0970071929955797,0.08666686559982423,0.07299032781837014,0.08871526994371598,0.11081197598937437,0.17631171921475314,0.2564746928211722,0.2564746928211722,0.006442229280516667,0.059658436296053524,0.4007629046369203,0.06663970708654463,0.06663970708654463,0.18589201097168723,0.1095752051630828,0.13743760224658158,0.38580335111964137,0.38580335111964137,0.2841834007874273,0.10654772133667346,0.12123083383393307,0.5092646084352865,0.5092646084352865,0.4814072640873585,0.1024170340359545,0.10714579659024104,0.7569060879573283,0.7569060879573283,0.04185669531072544,0.09990226217002697,0.22249361374531965,0.1691025590484247,0.1691025590484247
Cantina,O0_observability,raw,tp_vs_fp,25,0.9141421556553504,0.2697023363664414,0.7637366602542602,0.26938882569910516,0.10530596876687921,0.9035716294118388,0.970207805487708,0.9192085909843445,0.05643942356109619,0.9756480145454407,0.9550374722480774,0.9935273861885071,5060.16,26666.16,0.8657450282532992,0.8400913877791193,0.8246157932329914,0.04676231246077304,0.11345070592827039,0.9284878781509994,0.11447555881887808,0.11447555881887808,0.007000792088669553,0.011019498820176363,0.8947881059486983,0.0110338595312331,0.0110338595312331,0.08894720764552973,0.22496243291158233,0.9295896215800025,0.22900604419690665,0.22900604419690665,0.13473942339215741,0.33362044150772413,0.9280846807211189,0.3428013152202597,0.3428013152202597,0.23903008692885191,0.5396243424370617,0.9215756077599351,0.5666759738668923,0.5666759738668923,0.026755316346983665,0.05635847069150951,0.9188535792240331,0.05664621957556766,0.05664621957556766
Cantina,O0_observability,raw,gt_all_pixels,25,0.7601649529318161,0.06208625848914953,,0.644040928702346,0.3224059366235144,0.39745786792083093,0.7000757257635564,,,,,,529819.4,41716.6,0.25598735540863404,0.12249554360355874,0.07299032781837014,0.04739048631620325,0.46586158995920024,0.5540798544283865,0.7991015299572113,0.7991015299572113,0.000845032334531661,0.15410085936727827,0.920678915135608,0.1578723097882519,0.1578723097882519,0.14664652805436348,0.2993309277498659,0.31631203688313053,0.8873366026812509,0.8873366026812509,0.2514006182970282,0.21444720633992365,0.22062743131091034,0.9213290327464979,0.9213290327464979,0.4633307096268913,0.13848116208248581,0.13971333389322807,0.9616672053056583,0.9616672053056583,0.011302310851679527,0.4945301898084824,0.7854904293662736,0.6106789595948533,0.6106789595948533
Cantina,O0_observability,alpha,tp_vs_fp,25,0.8381433474952437,0.511827702879168,0.023348890153421575,0.11712211424359946,0.08557389158543925,0.9218391327835392,0.9614180426108541,0.9856428647041321,0.006424632072448731,0.9920674967765808,0.9880614948272705,0.9976455116271973,5060.16,26666.16,0.8511106106959255,0.8500887615468328,0.8246157932329914,0.13675979647059625,0.09846877649266947,0.8120860641964555,0.10065548187971364,0.10065548187971364,0.012938954896754073,0.010301438293141169,0.8310981303185971,0.010320535859399953,0.010320535859399953,0.2370800382339515,0.19659011834957313,0.8291188605335319,0.20473455014010447,0.20473455014010447,0.3385724515597108,0.2913391728143594,0.8345836732825204,0.30885122405402077,0.30885122405402077,0.5332281916900233,0.47306753180398387,0.8415964594249256,0.5185925525777738,0.5185925525777738,0.08438696672701937,0.046962028706722767,0.7680251993836863,0.04759792598037313,0.04759792598037313
Cantina,O0_observability,alpha,gt_all_pixels,25,0.5707313521773352,0.06567703482957722,,0.6421875160217614,0.3105487983908781,0.39857317824249044,0.7110055709526608,,,,,,529819.4,41716.6,0.23058320975208968,0.11533600899144326,0.07299032781837014,0.04974795874737896,0.44186041553299593,0.533300906323267,0.782221704326448,0.782221704326448,0.0057776738015346465,0.0737551090975085,0.46565879265091864,0.08182452879308703,0.08182452879308703,0.14592668475175385,0.3020915869539173,0.3193974122319718,0.894081719860342,0.894081719860342,0.24994221597932323,0.2194220708769784,0.22481707210386037,0.9325626386606342,0.9325626386606342,0.46279113175008196,0.13959264171691824,0.14062960163489266,0.9650091174514219,0.9650091174514219,0.017953465327090114,0.403141969170952,0.66506351261504,0.5378758009505633,0.5378758009505633
Cantina,C0_confidence,raw,tp_vs_fp,25,0.9044336717694602,0.30983915886641283,0.8131209789511439,0.26742515674108924,0.15549229212687174,0.8980029568293721,0.948140246578828,0.7558681201934815,0.09574084281921387,0.8516089630126953,0.7747471106052398,0.8717443490028381,5060.16,26666.16,0.8733132452602278,0.8618886031720479,0.8246157932329914,0.06269011385738629,0.11055373328446302,0.9073306159669221,0.11185442998660504,0.11185442998660504,0.0005859383310570581,0.01220859515171934,0.9899383621728923,0.012210380404331787,0.012210380404331787,0.131362636547268,0.21711517014213988,0.9021406522780506,0.22239189142389915,0.22239189142389915,0.18394289874316502,0.3223784039454477,0.9042991497441324,0.33392825070504345,0.33392825070504345,0.2869784618224932,0.5285285893630738,0.9085141061972576,0.5588032782640974,0.5588032782640974,0.027324915501980514,0.05632229471372154,0.9187799006903827,0.05661554073560557,0.05661554073560557
Cantina,C0_confidence,raw,gt_all_pixels,25,0.7556332066469723,0.06348843988118757,,0.6293160033507287,0.30852823308402294,0.40999825032893816,0.7122281011169901,,,,,,529819.4,41716.6,0.24242586812070158,0.11695858883275631,0.07299032781837014,0.047317665796023076,0.4673053140677183,0.5549749798789236,0.8042709634511129,0.8042709634511129,0.0010935125638876911,0.14971665833407535,0.8973998250218723,0.15397305667087013,0.15397305667087013,0.1472199033324996,0.2955667542943054,0.3138030041904695,0.8846229982914796,0.8846229982914796,0.2519149202595302,0.21240031819544222,0.21911478412000396,0.9182900662548096,0.9182900662548096,0.46377546931567987,0.1375320486247233,0.13892640183645477,0.9585109538153822,0.9585109538153822,0.011177203073946514,0.4990863408268739,0.7880057388809182,0.615385211199268,0.615385211199268
Cantina,C0_confidence,alpha,tp_vs_fp,25,0.8657666838660738,0.43222554691561454,0.40121814288878993,0.21638393319809718,0.1328858038205661,0.9039580347603636,0.9518127592501743,0.8131048595905304,0.052841633558273315,0.8659464931488037,0.828507279753685,0.8783954024314881,5060.16,26666.16,0.8671264638849577,0.8587915314550666,0.8246157932329914,0.09441920942608367,0.10497197436315941,0.8649922121957122,0.1067295432992918,0.1067295432992918,0.0011630054470530423,0.012140294748872267,0.9835520787533166,0.012142643782054548,0.012142643782054548,0.21326072613615796,0.20119173391176257,0.8457909439216231,0.20875044170424623,0.20875044170424623,0.3051132369009854,0.2968807472837099,0.8484021524197618,0.3134863060448199,0.3134863060448199,0.44477068441197753,0.4872571428240457,0.8609166834333978,0.5288302259202622,0.5288302259202622,0.03963068727089253,0.05436137541605792,0.8874740098724591,0.05474274470060677,0.05474274470060677
Cantina,C0_confidence,alpha,gt_all_pixels,25,0.6327491848889907,0.06793412489524853,,0.6273870150772985,0.29930788935097036,0.4112101424932113,0.7207427703591724,,,,,,529819.4,41716.6,0.22396860905130064,0.11098100512562205,0.07299032781837014,0.05010689174413251,0.43729977067706854,0.5300423417433602,0.7800744906383037,0.7800744906383037,0.0030222762362554874,0.11455260365925915,0.7189431321084864,0.12205211718319812,0.12205211718319812,0.14654211520985558,0.29844251396716076,0.3166514736630302,0.8910464103023972,0.8910464103023972,0.2508386851422693,0.2160667357207226,0.2221382121881944,0.9256293655853787,0.9256293655853787,0.4637276671794821,0.13764457699285956,0.1389716133366927,0.9579682695933656,0.9579682695933656,0.016861891214364887,0.41403113548365605,0.6843279560485704,0.547610556924283,0.547610556924283
Cantina,S0_support_k1,raw,tp_vs_fp,25,0.9275535803229303,0.22879213659226363,0.8511034486114102,0.3063049022507604,0.11512360232103724,0.8922734865622326,0.9669819132288362,0.9150167870521545,0.06313502550125122,0.9781518125534058,0.9526259207725525,0.9976145839691162,5060.16,26666.16,0.878501938808298,0.8427063476350873,0.8246157932329914,0.035781514924846665,0.11455562863629108,0.9385378403889054,0.11547329427273731,0.11547329427273731,0.004571856843661583,0.011309623963325235,0.9214838520820419,0.01132117449681539,0.01132117449681539,0.06445565729110232,0.22901910734029327,0.9441810571147028,0.23236958174332037,0.23236958174332037,0.09592857961963651,0.34104087114795645,0.9443720874969449,0.34851219300655273,0.34851219300655273,0.17536615100323755,0.5550268656105909,0.9389059981891738,0.5771204491400956,0.5771204491400956,0.020326393960612543,0.05696800839495559,0.9305515901579975,0.057224789905886204,0.057224789905886204
Cantina,S0_support_k1,raw,gt_all_pixels,25,0.7570028546828668,0.0757108190796496,,0.586405120550988,0.2639355091768941,0.45107856722936085,0.7544567621287199,,,,,,529819.4,41716.6,0.2236805202096652,0.10770783590144471,0.07299032781837014,0.048193941116078685,0.4568651665981582,0.5466983938132064,0.7872095183171594,0.7872095183171594,0.0007126225450589756,0.15679170903310635,0.9328853893263342,0.16012108057002605,0.16012108057002605,0.14846570125227984,0.28945422355601114,0.3080875186996422,0.8654746782615564,0.8654746782615564,0.25361730464784166,0.20669949692300033,0.21401181609812145,0.8968676863124112,0.8968676863124112,0.4659169417503007,0.13323645413053575,0.13516306934296352,0.9380740486213477,0.9380740486213477,0.011039072458703874,0.4989934422223479,0.7902634986177695,0.6130424364440394,0.6130424364440394
Cantina,S0_support_k1,alpha,tp_vs_fp,25,0.8272828920613606,0.5271440294256563,0.20041884565330328,0.12936794067468926,0.10341691521168307,0.918738048584532,0.9556348487829591,0.9813093233108521,0.013307876586914062,0.9946171998977661,0.9867682194709778,0.999727258682251,5060.16,26666.16,0.8537837210966218,0.8551757461158559,0.8246157932329914,0.13166643407071127,0.09585196480083993,0.8005802757202105,0.09819539073278599,0.09819539073278599,0.01654102623135113,0.009450114463629108,0.7645219158510983,0.009472672852502992,0.009472672852502992,0.2718407229386166,0.18631367592729517,0.7956742096502619,0.19564008619651818,0.19564008619651818,0.3864070616965972,0.2765469506935006,0.8040769855808947,0.2965929319448598,0.2965929319448598,0.5302879471114484,0.46877041703284195,0.8382010937002966,0.5156234212665186,0.5156234212665186,0.05782124167229001,0.049922828022794956,0.8233773555980498,0.0504716461742042,0.0504716461742042
Cantina,S0_support_k1,alpha,gt_all_pixels,25,0.09101541386696979,0.36524800631681065,,0.35353305417924347,0.191593125755223,0.6655534559502815,0.8207775538198818,,,,,,529819.4,41716.6,0.10216607532860522,0.08981285880575021,0.07299032781837014,0.10389172944827511,0.023391836299044774,0.03824474227525632,0.06235286214676016,0.06235286214676016,0.01080356958844679,0.0,0.0,0.0,0.0,0.19778797216946753,0.06229863067209108,0.08279178003096924,0.22860293907225404,0.22860293907225404,0.29405015205299256,0.07784515570189461,0.09111506406704731,0.39495135857632063,0.39495135857632063,0.4828850571310349,0.09949440042891645,0.10420173007474595,0.7344082060340617,0.7344082060340617,0.05359682311595452,0.004744695772529557,0.008101620184064108,0.011211530945161535,0.011211530945161535
Cantina,S0_support_k2,raw,tp_vs_fp,25,0.9194096043139249,0.25257487259757005,0.8634184561668005,0.29029364842453675,0.1635750793588808,0.8944141199584291,0.94685121701052,0.8904131245613098,0.07755212068557739,0.9679652452468872,0.9276024675369263,0.9906498956680297,5060.16,26666.16,0.8766272484013278,0.8629783242947694,0.8246157932329914,0.044847547183589416,0.11280937961587222,0.9261541600096329,0.11389901171788526,0.11389901171788526,0.004369869545658476,0.01137269304660701,0.9259985784364412,0.01138405907575286,0.01138405907575286,0.0872291827200166,0.22320492551255833,0.9255876020654198,0.227499179276147,0.227499179276147,0.11741915878437759,0.33539095393870993,0.9328265183051369,0.3440738839426761,0.3440738839426761,0.20336435122900515,0.548452136469669,0.9312179536964135,0.572527099564526,0.572527099564526,0.02066322918888874,0.05691821518364557,0.9300448551202,0.05718368762446609,0.05718368762446609
Cantina,S0_support_k2,raw,gt_all_pixels,25,0.7535573073974489,0.07516596918245605,,0.5898903965432525,0.26500314928344254,0.4477963242910333,0.7534824752946447,,,,,,529819.4,41716.6,0.22752176775988428,0.10808581861670861,0.07299032781837014,0.0481306010135728,0.4578164024050641,0.5473464674388494,0.7892574672874889,0.7892574672874889,0.0008263577958666184,0.15444558380016396,0.9221067366579178,0.1580620304693913,0.1580620304693913,0.14837050555769588,0.28998197766733363,0.3085217878170191,0.8667761469359665,0.8667761469359665,0.2535522183197872,0.20692930624945327,0.21420987863129223,0.8978080193064545,0.8978080193064545,0.4658899082908641,0.1332916502376614,0.13521248005374986,0.9384892390404296,0.9384892390404296,0.010988355641273801,0.500775108476158,0.7912866990936768,0.6150235289423346,0.6150235289423346
Cantina,S0_support_k2,alpha,tp_vs_fp,25,0.8217099418541427,0.4973453714962248,0.2065320820159255,0.14039832561694607,0.11011452760540269,0.9176930565957374,0.9549408038095735,0.9558547878265381,0.02850855588912964,0.9843633437156677,0.96640385389328,0.9947999095916749,5060.16,26666.16,0.8548431365279778,0.8558867016689642,0.8246157932329914,0.1645172186686713,0.08986649622109887,0.7543919787580396,0.09262014921944893,0.09262014921944893,0.030466644524772688,0.007076274052778869,0.5721418364356815,0.0071114510162543845,0.0071114510162543845,0.2772093509416599,0.18514135708654567,0.7920404967447628,0.19475042780513926,0.19475042780513926,0.34655968443867075,0.2851420262473093,0.823447402024149,0.3038013880579823,0.3038013880579823,0.49325109565925745,0.47395175362771175,0.8451950830990573,0.5191473222639365,0.5191473222639365,0.10190407718507742,0.04231976337414924,0.7004483400582637,0.0430946385646054,0.0430946385646054
Cantina,S0_support_k2,alpha,gt_all_pixels,25,0.09759334892073246,0.34244912903175484,,0.379113184084881,0.19591732075988472,0.6416067579295093,0.816738823101257,,,,,,529819.4,41716.6,0.10658566119816959,0.0904517217624551,0.07299032781837014,0.10173413105043963,0.03217033384832609,0.05693529761696469,0.07878496963148612,0.07878496963148612,0.01050702422729834,0.0029126989364954203,0.026463692038495187,0.0033990168727170713,0.0033990168727170713,0.1979266524146416,0.06245460762430601,0.08232076775700527,0.23993331115229316,0.23993331115229316,0.29167854983062524,0.08455250972565098,0.09826351181901423,0.42240537094479264,0.42240537094479264,0.4783126287334925,0.10853395789854713,0.11248607261834774,0.7883789431417375,0.7883789431417375,0.05224609039259637,0.012599627195049638,0.03200615879903419,0.02282508630149489,0.02282508630149489
Cantina,S0_support_k4,raw,tp_vs_fp,25,0.9007466301940055,0.3042523557312515,0.7723086911629111,0.2702469513005864,0.16075756980981917,0.8972527638667729,0.9473112125993057,0.8445422649383545,0.08437635898590087,0.9289186239242554,0.8779426729679107,0.9509487009048462,5060.16,26666.16,0.8738930411892042,0.8625414598067561,0.8246157932329914,0.05896847267323263,0.10997865030942153,0.9054426251922933,0.1113312697461793,0.1113312697461793,0.007754558050350838,0.010953317353981558,0.8882614899024165,0.010968037684976797,0.010968037684976797,0.12602655359013348,0.2159973086299144,0.9002704013241966,0.22142384439550739,0.22142384439550739,0.1754248458949249,0.3220699345048239,0.904488215535554,0.3335951334307694,0.3335951334307694,0.2758940981385634,0.5275802096386574,0.9078831462315854,0.5577019655302512,0.5577019655302512,0.027600178227083244,0.055886266036649104,0.9129783334952473,0.05620151042015473,0.05620151042015473
Cantina,S0_support_k4,raw,gt_all_pixels,25,0.7413083825366492,0.07408230796303006,,0.5963383447391026,0.26836224300890876,0.44168339352201785,0.7503512639623751,,,,,,529819.4,41716.6,0.23342068397531152,0.10907706200065827,0.07299032781837014,0.04790741279234503,0.46052392013265686,0.5494376596563669,0.7931521496217955,0.7931521496217955,0.0011221108614627618,0.14774002110348028,0.8942502187226598,0.1522295834793361,0.1522295834793361,0.14810118283069934,0.2914242484286813,0.3097360616585161,0.8700516323679071,0.8700516323679071,0.2533524776935109,0.2076110847273038,0.2148063991228326,0.9002118999098037,0.9002118999098037,0.4657907050900429,0.13349049043420785,0.13539052658100278,0.9397387168913436,0.9397387168913436,0.011229720919471305,0.4970123963678741,0.786901354235924,0.612977545941594,0.612977545941594
Cantina,S0_support_k4,alpha,tp_vs_fp,25,0.8228062101080069,0.4885662475240276,0.16844943732904533,0.14082135882192087,0.10958203158846505,0.9176246606644011,0.955050448465446,0.9079076766967773,0.03697454690933227,0.9448822236061096,0.9250904870033264,0.9582295513153076,5060.16,26666.16,0.8548700499130163,0.8557483362190146,0.8246157932329914,0.16455530280860056,0.09018734516573175,0.7557830553200398,0.09291077732303137,0.09291077732303137,0.030265785672528304,0.006945188146103043,0.5657182610796903,0.006980908355053264,0.006980908355053264,0.27443348187572775,0.18538641438087664,0.79326841667284,0.19494240370690766,0.19494240370690766,0.34767746969898217,0.2849839213350454,0.8230001641453419,0.30366153329728945,0.30366153329728945,0.4817187019319507,0.476272119250899,0.8480336693435652,0.5208513608592976,0.5208513608592976,0.10594883950544647,0.041535967464152446,0.6882881186576426,0.042330599261772586,0.042330599261772586
Cantina,S0_support_k4,alpha,gt_all_pixels,25,0.10090741472214297,0.3340139329768847,,0.3861562323644634,0.19858379573751025,0.6348826320651717,0.814300901430531,,,,,,529819.4,41716.6,0.10775209199228357,0.09106614228526741,0.07299032781837014,0.10155099230176962,0.03363336233477597,0.05874094551562445,0.08335162647918119,0.08335162647918119,0.010509239972582168,0.0028896713214591374,0.026267716535433073,0.0033708828464110267,0.0033708828464110267,0.19633385635924333,0.06844203327252306,0.08955776986536257,0.26060124437887944,0.26060124437887944,0.2888896649407793,0.09258416958463245,0.10664559287534775,0.45392583900553185,0.45392583900553185,0.47768374840052835,0.1098126267134751,0.11360586209792559,0.7942332845799789,0.7942332845799789,0.0522410565394562,0.012625093902186446,0.03209014242222766,0.022862431307350346,0.022862431307350346
Cantina,S0_support_k8,raw,tp_vs_fp,25,0.8812475108488138,0.3572121514412319,0.6085919455793144,0.25034778425261334,0.15446123034860892,0.9003902188343311,0.9486464554495632,0.7314566898345948,0.07187688112258911,0.8033335709571838,0.7564860528707504,0.8156010317802429,5060.16,26666.16,0.8707755084771205,0.861402854343254,0.8246157932329914,0.08244924702772233,0.10596724698152887,0.8744399288833491,0.10764948369025118,0.10764948369025118,0.01061740248123404,0.010456613640474524,0.8478162897111755,0.010475077650376594,0.010475077650376594,0.1681849577648857,0.20667205087664364,0.8687433143331318,0.21348246287462355,0.21348246287462355,0.22912227649412234,0.31066614346759197,0.8795397096387039,0.32445741105758996,0.32445741105758996,0.3343480689224309,0.5134730995889288,0.8917297222525759,0.5479265732011881,0.5479265732011881,0.03760026385444279,0.05421131937256858,0.886262501245087,0.05459886002057335,0.05459886002057335
Cantina,S0_support_k8,raw,gt_all_pixels,25,0.7273492620740332,0.07254998039718995,,0.6043531495671303,0.2722311534386808,0.4340395705607346,0.7467260155090842,,,,,,529819.4,41716.6,0.24059813618060336,0.11027118873783948,0.07299032781837014,0.04766913487895149,0.46340052751790445,0.5516716240333135,0.7974035899578085,0.7974035899578085,0.0014238336688771564,0.1431220190215468,0.8664496937882765,0.14811749925177642,0.14811749925177642,0.1476948497039847,0.2935581871893261,0.3115543230073399,0.8745749213135288,0.8745749213135288,0.25302413238633537,0.20872211608877747,0.21577828194166607,0.9037042665093746,0.9037042665093746,0.46560180087591363,0.1338657281128609,0.13572506368802664,0.9417616159539532,0.9417616159539532,0.011673128534419765,0.49017837822017585,0.778880918220947,0.6084745790318743,0.6084745790318743
Cantina,S0_support_k8,alpha,tp_vs_fp,25,0.8240550173270919,0.4821913762256677,0.11444951549086149,0.1408250612145519,0.10943694686221576,0.9176710465233221,0.9550743212613537,0.7877051305770874,0.02975739002227783,0.8174625205993652,0.8010587894916534,0.8249324870109558,5060.16,26666.16,0.8548170978532516,0.8557237947909109,0.8246157932329914,0.16619603083975337,0.0900584639144702,0.7543222756778314,0.09278648342414167,0.09278648342414167,0.030062706199786415,0.00690463949542883,0.5643537004594085,0.006940229516822966,0.006940229516822966,0.2741051996775843,0.18523731842786048,0.7928741965584228,0.19480225728006698,0.19480225728006698,0.3407218139801922,0.28643719328057377,0.826446075960192,0.3048737341730174,0.3048737341730174,0.4647330231094415,0.48002489401879855,0.8529614537439835,0.5237452185119432,0.5237452185119432,0.10774641923561261,0.041260321123212255,0.683646295466523,0.042060930164703275,0.042060930164703275
Cantina,S0_support_k8,alpha,gt_all_pixels,25,0.10135179719884826,0.3339616320582527,,0.385727759005939,0.2006733287971773,0.6352488732118362,0.812432322723328,,,,,,529819.4,41716.6,0.1076104553313689,0.0916687891110386,0.07299032781837014,0.10148924592336277,0.034097078987024076,0.05933023060503203,0.08485068464339258,0.08485068464339258,0.010511591662549485,0.0028829288009670773,0.02607174103237095,0.0033662592634786308,0.0033662592634786308,0.19584454217608926,0.07049104210595793,0.09182254805042561,0.2684234733764644,0.2684234733764644,0.28836732133125137,0.09417653760866324,0.10823919141962314,0.4600124228348285,0.4600124228348285,0.47807608381551137,0.10908431771840793,0.11287309985722685,0.7875403205289366,0.7875403205289366,0.05222889662013979,0.012639568704560494,0.03228470448262589,0.02280447754827633,0.02280447754827633
