scene,frame,image,gt_area_pct,cue_area_pct,precision,recall,iou,fp_frac_of_pred,miss_frac_of_gt,fp_area_pct,fn_area_pct
Cantina,0,Inst_1_test_IMG_2863,2.7968,25.1146,0.0986,0.8851,0.0973,0.9014,0.1149,22.6392,0.3214
Cantina,1,Inst_1_test_IMG_2865,3.8977,20.1039,0.1623,0.8369,0.1573,0.8377,0.1631,16.8420,0.6358
Cantina,2,Inst_1_test_IMG_2868,5.3242,17.9668,0.2868,0.9679,0.2841,0.7132,0.0321,12.8137,0.1711
Cantina,3,Inst_1_test_IMG_2870,16.3488,21.5390,0.5775,0.7608,0.4887,0.4225,0.2392,9.1007,3.9105
Cantina,4,Inst_1_test_IMG_2871,13.1420,28.6943,0.4121,0.8998,0.3941,0.5879,0.1002,16.8686,1.3163
Cantina,5,Inst_1_test_IMG_2873,8.2152,26.5308,0.2851,0.9208,0.2783,0.7149,0.0792,18.9663,0.6507
Cantina,6,Inst_1_test_IMG_2874,10.4909,25.9048,0.3836,0.9473,0.3756,0.6164,0.0527,15.9666,0.5527
Cantina,7,Inst_1_test_IMG_2876,2.3386,17.8650,0.1251,0.9559,0.1244,0.8749,0.0441,15.6295,0.1031
Cantina,8,Inst_1_test_IMG_2878,5.3132,12.9155,0.4014,0.9757,0.3974,0.5986,0.0243,7.7316,0.1293
Cantina,9,Inst_1_test_IMG_2880,11.4645,39.0145,0.2921,0.9942,0.2916,0.7079,0.0058,27.6166,0.0667
Cantina,10,Inst_1_test_IMG_2882,5.8721,27.3162,0.2109,0.9811,0.2101,0.7891,0.0189,21.5549,0.1108
Cantina,11,Inst_1_test_IMG_2883,5.3234,34.9656,0.1470,0.9658,0.1463,0.8530,0.0342,29.8245,0.1823
Cantina,12,Inst_1_test_IMG_2887,4.4356,17.9469,0.2328,0.9418,0.2295,0.7672,0.0582,13.7694,0.2581
Cantina,13,Inst_1_test_IMG_2889,4.8028,18.1308,0.2580,0.9738,0.2562,0.7420,0.0262,13.4536,0.1256
Cantina,14,Inst_1_test_IMG_2890,8.9132,26.0358,0.3374,0.9856,0.3358,0.6626,0.0144,17.2507,0.1281
Cantina,15,Inst_1_test_IMG_2891,5.9359,26.3577,0.2220,0.9857,0.2213,0.7780,0.0143,20.5068,0.0850
Cantina,16,Inst_1_test_IMG_2895,11.8680,24.0104,0.4453,0.9010,0.4246,0.5547,0.0990,13.3174,1.1751
Cantina,17,Inst_1_test_IMG_2900,5.7387,21.0421,0.2660,0.9752,0.2642,0.7340,0.0248,15.4457,0.1424
Cantina,18,Inst_1_test_IMG_2901,9.4706,21.1140,0.3971,0.8853,0.3777,0.6029,0.1147,12.7297,1.0864
Cantina,19,Inst_1_test_IMG_2902,4.8202,14.4145,0.3245,0.9703,0.3213,0.6755,0.0297,9.7374,0.1431
Cantina,20,Inst_1_test_IMG_2903,5.8885,18.0031,0.3109,0.9504,0.3059,0.6891,0.0496,12.4064,0.2918
Cantina,21,Inst_1_test_IMG_2904,2.9834,20.3100,0.1389,0.9453,0.1378,0.8611,0.0547,17.4897,0.1631
Cantina,22,Inst_1_test_IMG_2906,13.1024,28.6978,0.4379,0.9591,0.4298,0.5621,0.0409,16.1318,0.5364
Cantina,23,Inst_1_test_IMG_2908,8.1059,17.8890,0.4192,0.9251,0.4054,0.5808,0.0749,10.3899,0.6068
Cantina,24,Inst_1_test_IMG_2909,5.8831,17.3746,0.3205,0.9465,0.3148,0.6795,0.0535,11.8061,0.3146
Garden,0,Inst_1_test_IMG_E7225,1.9621,5.1530,0.3753,0.9856,0.3732,0.6247,0.0144,3.2192,0.0282
Garden,1,Inst_1_test_IMG_E7228,1.6178,14.2790,0.1133,1.0000,0.1133,0.8867,0.0000,12.6612,0.0000
Garden,2,Inst_1_test_IMG_E7230,1.5654,11.4413,0.1366,0.9981,0.1365,0.8634,0.0019,9.8789,0.0030
Garden,3,Inst_1_test_IMG_E7233,1.7489,4.2959,0.3984,0.9785,0.3949,0.6016,0.0215,2.5846,0.0375
Garden,4,Inst_1_test_IMG_E7235,1.1936,4.0073,0.2979,1.0000,0.2979,0.7021,0.0000,2.8137,0.0000
Garden,5,Inst_1_test_IMG_E7237,1.2569,6.0146,0.2090,1.0000,0.2090,0.7910,0.0000,4.7577,0.0000
Garden,6,Inst_1_test_IMG_E7239,1.4506,5.5372,0.2620,1.0000,0.2620,0.7380,0.0000,4.0866,0.0000
Garden,7,Inst_1_test_IMG_E7242,1.4459,5.9104,0.2446,0.9998,0.2446,0.7554,0.0002,4.4649,0.0004
Garden,8,Inst_1_test_IMG_E7244,1.1218,6.0064,0.1867,0.9998,0.1867,0.8133,0.0002,4.8847,0.0002
Garden,9,Inst_1_test_IMG_E7245,1.0311,6.9854,0.1474,0.9985,0.1474,0.8526,0.0015,5.9558,0.0016
Garden,10,Inst_1_test_IMG_E7247,1.5269,20.2666,0.0753,1.0000,0.0753,0.9247,0.0000,18.7397,0.0000
Garden,11,Inst_1_test_IMG_E7249,1.3243,10.9239,0.1212,0.9996,0.1212,0.8788,0.0004,9.6001,0.0005
Garden,12,Inst_1_test_IMG_E7252,1.2527,20.3363,0.0613,0.9957,0.0613,0.9387,0.0043,19.0890,0.0054
Garden,13,Inst_1_test_IMG_E7256,0.8767,8.1628,0.1073,0.9986,0.1072,0.8927,0.0014,7.2873,0.0012
Garden,14,Inst_1_test_IMG_E7258,1.0590,4.5247,0.2337,0.9983,0.2336,0.7663,0.0017,3.4674,0.0018
Garden,15,Inst_1_test_IMG_E7260,1.2260,5.1144,0.2397,1.0000,0.2397,0.7603,0.0000,3.8883,0.0000
Garden,16,Inst_1_test_IMG_E7262,1.1581,5.2881,0.2189,0.9995,0.2189,0.7811,0.0005,4.1305,0.0005
Garden,17,Inst_1_test_IMG_E7265,1.1385,5.3891,0.2113,1.0000,0.2113,0.7887,0.0000,4.2506,0.0000
Garden,18,Inst_1_test_IMG_E7267,1.0934,9.2634,0.1179,0.9990,0.1179,0.8821,0.0010,8.1711,0.0011
Garden,19,Inst_1_test_IMG_E7270,1.4901,6.9919,0.2131,1.0000,0.2131,0.7869,0.0000,5.5018,0.0000
Garden,20,Inst_1_test_IMG_E7272,1.3515,4.3919,0.3077,1.0000,0.3077,0.6923,0.0000,3.0404,0.0000
Garden,21,Inst_1_test_IMG_E7274,1.1415,5.5153,0.2070,1.0000,0.2070,0.7930,0.0000,4.3738,0.0000
Garden,22,Inst_1_test_IMG_E7276,1.0734,7.7203,0.1383,0.9949,0.1382,0.8617,0.0051,6.6524,0.0054
Garden,23,Inst_1_test_IMG_E7277,0.8206,17.5784,0.0465,0.9968,0.0465,0.9535,0.0032,16.7604,0.0026
Garden,24,Inst_1_test_IMG_E7279,1.1732,5.2681,0.2227,1.0000,0.2227,0.7773,0.0000,4.0948,0.0000
Lounge,0,Inst_1_test_IMG_3838,1.7474,7.0174,0.2484,0.9974,0.2482,0.7516,0.0026,5.2746,0.0045
Lounge,1,Inst_1_test_IMG_3839,1.4374,5.2558,0.2716,0.9932,0.2711,0.7284,0.0068,3.8283,0.0098
Lounge,2,Inst_1_test_IMG_3840,2.1874,6.3721,0.3421,0.9965,0.3417,0.6579,0.0035,4.1924,0.0077
Lounge,3,Inst_1_test_IMG_3842,1.7836,5.2870,0.3361,0.9964,0.3357,0.6639,0.0036,3.5098,0.0065
Lounge,4,Inst_1_test_IMG_3846,1.0932,10.0970,0.1067,0.9858,0.1066,0.8933,0.0142,9.0194,0.0156
Lounge,5,Inst_1_test_IMG_3851,1.5882,14.6297,0.1084,0.9985,0.1084,0.8916,0.0015,13.0440,0.0024
Lounge,6,Inst_1_test_IMG_3852,1.8692,12.3772,0.1507,0.9978,0.1506,0.8493,0.0022,10.5122,0.0042
Lounge,7,Inst_1_test_IMG_3853,1.9420,9.6465,0.2010,0.9986,0.2010,0.7990,0.0014,7.7071,0.0026
Lounge,8,Inst_1_test_IMG_3854,1.9003,9.1714,0.2067,0.9975,0.2066,0.7933,0.0025,7.2758,0.0047
Lounge,9,Inst_1_test_IMG_3858,1.7936,4.0365,0.4364,0.9821,0.4329,0.5636,0.0179,2.2751,0.0322
Lounge,10,Inst_1_test_IMG_3859,1.4249,3.3734,0.4187,0.9912,0.4171,0.5813,0.0088,1.9610,0.0126
Lounge,11,Inst_1_test_IMG_3860,1.4585,4.5299,0.3204,0.9952,0.3199,0.6796,0.0048,3.0784,0.0070
Lounge,12,Inst_1_test_IMG_3861,1.8522,5.4130,0.3417,0.9985,0.3415,0.6583,0.0015,3.5636,0.0028
Lounge,13,Inst_1_test_IMG_3862,1.6629,5.7797,0.2874,0.9991,0.2874,0.7126,0.0009,4.1184,0.0016
Lounge,14,Inst_1_test_IMG_3863,1.5213,4.2412,0.3574,0.9964,0.3570,0.6426,0.0036,2.7253,0.0054
Lounge,15,Inst_1_test_IMG_3864,1.3649,5.0977,0.2651,0.9901,0.2644,0.7349,0.0099,3.7462,0.0135
Lounge,16,Inst_1_test_IMG_3868,1.0335,15.8317,0.0644,0.9871,0.0644,0.9356,0.0129,14.8115,0.0133
Lounge,17,Inst_1_test_IMG_3871,1.3735,9.3826,0.1454,0.9935,0.1453,0.8546,0.0065,8.0180,0.0089
Lounge,18,Inst_1_test_IMG_3872,1.5541,13.1337,0.1181,0.9979,0.1180,0.8819,0.0021,11.5830,0.0033
Lounge,19,Inst_1_test_IMG_3874,1.8849,8.7692,0.2147,0.9988,0.2146,0.7853,0.0012,6.8865,0.0023
Lounge,20,Inst_1_test_IMG_3877,1.5156,4.6882,0.3200,0.9898,0.3189,0.6800,0.0102,3.1881,0.0154
Lounge,21,Inst_1_test_IMG_3878,2.5785,15.3441,0.1677,0.9978,0.1676,0.8323,0.0022,12.7714,0.0058
Lounge,22,Inst_1_test_IMG_3880,1.7476,24.4392,0.0714,0.9991,0.0714,0.9286,0.0009,22.6932,0.0016
Lounge,23,Inst_1_test_IMG_3881,1.4409,4.4155,0.3234,0.9910,0.3224,0.6766,0.0090,2.9876,0.0129
Lounge,24,Inst_1_test_IMG_3882,2.8936,15.3343,0.1882,0.9975,0.1881,0.8118,0.0025,12.4480,0.0073
Lunch_room,0,Inst_1_test_IMG_3508,0.9479,9.9400,0.0928,0.9737,0.0926,0.9072,0.0263,9.0171,0.0250
Lunch_room,1,Inst_1_test_IMG_3509,1.4549,13.8342,0.1024,0.9736,0.1021,0.8976,0.0264,12.4177,0.0384
Lunch_room,2,Inst_1_test_IMG_3510,1.3615,17.3857,0.0759,0.9691,0.0757,0.9241,0.0309,16.0664,0.0421
Lunch_room,3,Inst_1_test_IMG_3513,0.6524,13.0245,0.0483,0.9649,0.0482,0.9517,0.0351,12.3950,0.0229
Lunch_room,4,Inst_1_test_IMG_3514,0.7353,25.8726,0.0226,0.7969,0.0225,0.9774,0.2031,25.2866,0.1493
Lunch_room,5,Inst_1_test_IMG_3515,2.0861,22.3506,0.0926,0.9922,0.0925,0.9074,0.0078,20.2807,0.0162
Lunch_room,6,Inst_1_test_IMG_3516,1.0390,16.3020,0.0617,0.9684,0.0616,0.9383,0.0316,15.2958,0.0328
Lunch_room,7,Inst_1_test_IMG_3517,0.1726,10.6041,0.0155,0.9524,0.0155,0.9845,0.0476,10.4397,0.0082
Lunch_room,8,Inst_1_test_IMG_3518,1.0066,16.5472,0.0581,0.9544,0.0579,0.9419,0.0456,15.5866,0.0459
Lunch_room,9,Inst_1_test_IMG_3519,0.8445,9.8544,0.0811,0.9468,0.0808,0.9189,0.0532,9.0548,0.0449
Lunch_room,10,Inst_1_test_IMG_3520,2.0358,5.3716,0.2798,0.7382,0.2545,0.7202,0.2618,3.8689,0.5331
Lunch_room,11,Inst_1_test_IMG_3521,4.4482,12.4174,0.3556,0.9926,0.3546,0.6444,0.0074,8.0022,0.0330
Lunch_room,12,Inst_1_test_IMG_3522,4.8960,9.6810,0.4487,0.8873,0.4245,0.5513,0.1127,5.3367,0.5517
Lunch_room,13,Inst_1_test_IMG_3523,3.5679,12.1943,0.2893,0.9886,0.2883,0.7107,0.0114,8.6671,0.0407
Lunch_room,14,Inst_1_test_IMG_3525,0.3727,15.0514,0.0223,0.8993,0.0222,0.9777,0.1007,14.7162,0.0376
Lunch_room,15,Inst_1_test_IMG_3526,0.5128,21.3610,0.0217,0.9043,0.0217,0.9783,0.0957,20.8973,0.0491
Lunch_room,16,Inst_1_test_IMG_3527,0.9189,14.2808,0.0630,0.9787,0.0629,0.9370,0.0213,13.3815,0.0196
Lunch_room,17,Inst_1_test_IMG_3528,1.2619,10.9712,0.1132,0.9841,0.1130,0.8868,0.0159,9.7294,0.0201
Lunch_room,18,Inst_1_test_IMG_3529,0.9248,17.6095,0.0508,0.9669,0.0507,0.9492,0.0331,16.7152,0.0306
Lunch_room,19,Inst_1_test_IMG_3531,0.7357,14.1444,0.0490,0.9428,0.0489,0.9510,0.0572,13.4508,0.0421
Lunch_room,20,Inst_1_test_IMG_3533,1.8861,24.9460,0.0751,0.9931,0.0751,0.9249,0.0069,23.0728,0.0129
Lunch_room,21,Inst_1_test_IMG_3535,2.0058,22.4671,0.0888,0.9950,0.0888,0.9112,0.0050,20.4713,0.0100
Lunch_room,22,Inst_1_test_IMG_3536,3.0745,8.0189,0.3462,0.9030,0.3338,0.6538,0.0970,5.2427,0.2983
Lunch_room,23,Inst_1_test_IMG_3537,5.1243,14.2162,0.3579,0.9929,0.3570,0.6421,0.0071,9.1282,0.0363
Lunch_room,24,Inst_1_test_IMG_3538,0.6564,14.9426,0.0410,0.9343,0.0409,0.9590,0.0657,14.3294,0.0431
Meeting_room,0,Inst_1_test_IMG_1862,3.3644,16.3891,0.2032,0.9900,0.2028,0.7968,0.0100,13.0582,0.0335
Meeting_room,1,Inst_1_test_IMG_1863,2.5021,22.0491,0.1124,0.9901,0.1122,0.8876,0.0099,19.5717,0.0248
Meeting_room,2,Inst_1_test_IMG_1864,3.6693,12.9231,0.2828,0.9961,0.2825,0.7172,0.0039,9.2683,0.0145
Meeting_room,3,Inst_1_test_IMG_1865,5.8123,15.7632,0.3653,0.9908,0.3641,0.6347,0.0092,10.0042,0.0532
Meeting_room,4,Inst_1_test_IMG_1866,6.9349,18.3092,0.3773,0.9962,0.3768,0.6227,0.0038,11.4006,0.0263
Meeting_room,5,Inst_1_test_IMG_1867,4.0027,16.9072,0.2351,0.9932,0.2348,0.7649,0.0068,12.9317,0.0272
Meeting_room,6,Inst_1_test_IMG_1868,2.6988,12.4304,0.2170,0.9995,0.2170,0.7830,0.0005,9.7330,0.0014
Meeting_room,7,Inst_1_test_IMG_1869,2.9966,12.6611,0.2366,0.9997,0.2366,0.7634,0.0003,9.6653,0.0009
Meeting_room,8,Inst_1_test_IMG_1870,1.8726,7.5533,0.2465,0.9944,0.2462,0.7535,0.0056,5.6912,0.0105
Meeting_room,9,Inst_1_test_IMG_1871,1.7745,11.6925,0.1518,1.0000,0.1518,0.8482,0.0000,9.9180,0.0000
Meeting_room,10,Inst_1_test_IMG_1872,1.9694,16.9599,0.1158,0.9971,0.1157,0.8842,0.0029,14.9962,0.0058
Meeting_room,11,Inst_1_test_IMG_1873,1.9508,12.9278,0.1508,0.9993,0.1508,0.8492,0.0007,10.9785,0.0014
Meeting_room,12,Inst_1_test_IMG_1874,2.5690,15.0042,0.1712,1.0000,0.1712,0.8288,0.0000,12.4353,0.0000
Meeting_room,13,Inst_1_test_IMG_1875,4.9741,22.9735,0.2164,0.9995,0.2164,0.7836,0.0005,18.0019,0.0024
Meeting_room,14,Inst_1_test_IMG_1876,3.1535,17.1291,0.1840,0.9994,0.1840,0.8160,0.0006,13.9775,0.0019
Meeting_room,15,Inst_1_test_IMG_1877,2.9879,16.8253,0.1776,0.9998,0.1775,0.8224,0.0002,13.8380,0.0005
Meeting_room,16,Inst_1_test_IMG_1878,3.2111,15.4424,0.2053,0.9873,0.2048,0.7947,0.0127,12.2719,0.0407
Meeting_room,17,Inst_1_test_IMG_1879,2.2695,14.3958,0.1572,0.9973,0.1572,0.8428,0.0027,12.1324,0.0061
Meeting_room,18,Inst_1_test_IMG_1880,1.8841,8.1270,0.2271,0.9797,0.2261,0.7729,0.0203,6.2811,0.0382
Meeting_room,19,Inst_1_test_IMG_1881,1.7054,13.1426,0.1287,0.9916,0.1285,0.8713,0.0084,11.4515,0.0143
Meeting_room,20,Inst_1_test_IMG_1882,1.5442,14.2738,0.1058,0.9777,0.1055,0.8942,0.0223,12.7640,0.0344
Meeting_room,21,Inst_1_test_IMG_1883,1.1443,16.4446,0.0640,0.9192,0.0636,0.9360,0.0808,15.3928,0.0925
Meeting_room,22,Inst_1_test_IMG_1884,0.8442,10.8518,0.0696,0.8950,0.0691,0.9304,0.1050,10.0963,0.0886
Meeting_room,23,Inst_1_test_IMG_1885,0.6845,15.5125,0.0387,0.8761,0.0384,0.9613,0.1239,14.9128,0.0848
Meeting_room,24,Inst_1_test_IMG_1886,0.7168,14.1128,0.0504,0.9920,0.0504,0.9496,0.0080,13.4017,0.0058
Playground,0,Inst_1_test_IMG_E7022,0.7946,12.9506,0.0611,0.9956,0.0611,0.9389,0.0044,12.1596,0.0035
Playground,1,Inst_1_test_IMG_E7024,0.8851,9.8775,0.0882,0.9839,0.0880,0.9118,0.0161,9.0066,0.0143
Playground,2,Inst_1_test_IMG_E7028,0.8392,13.7165,0.0603,0.9853,0.0602,0.9397,0.0147,12.8897,0.0123
Playground,3,Inst_1_test_IMG_E7031,0.7973,7.7534,0.0987,0.9602,0.0983,0.9013,0.0398,6.9879,0.0317
Playground,4,Inst_1_test_IMG_E7034,0.7034,7.3614,0.0918,0.9612,0.0915,0.9082,0.0388,6.6853,0.0273
Playground,5,Inst_1_test_IMG_E7036,0.5482,10.2602,0.0513,0.9602,0.0512,0.9487,0.0398,9.7338,0.0218
Playground,6,Inst_1_test_IMG_E7038,0.4575,6.9752,0.0626,0.9550,0.0625,0.9374,0.0450,6.5383,0.0206
Playground,7,Inst_1_test_IMG_E7041,0.3399,16.4364,0.0195,0.9420,0.0195,0.9805,0.0580,16.1162,0.0197
Playground,8,Inst_1_test_IMG_E7044,0.2159,9.4230,0.0209,0.9111,0.0208,0.9791,0.0889,9.2263,0.0192
Playground,9,Inst_1_test_IMG_E7047,0.2011,15.1728,0.0121,0.9133,0.0121,0.9879,0.0867,14.9891,0.0174
Playground,10,Inst_1_test_IMG_E7050,0.2099,13.6861,0.0118,0.7710,0.0118,0.9882,0.2290,13.5242,0.0481
Playground,11,Inst_1_test_IMG_E7054,0.2506,21.5616,0.0104,0.8918,0.0104,0.9896,0.1082,21.3381,0.0271
Playground,12,Inst_1_test_IMG_E7056,0.2594,20.8878,0.0116,0.9348,0.0116,0.9884,0.0652,20.6453,0.0169
Playground,13,Inst_1_test_IMG_E7058,0.3216,18.8743,0.0158,0.9266,0.0158,0.9842,0.0734,18.5763,0.0236
Playground,14,Inst_1_test_IMG_E7062,0.4197,21.1084,0.0188,0.9442,0.0188,0.9812,0.0558,20.7122,0.0234
Playground,15,Inst_1_test_IMG_E7064,0.4331,12.1249,0.0352,0.9850,0.0352,0.9648,0.0150,11.6983,0.0065
Playground,16,Inst_1_test_IMG_E7068,0.4626,23.1573,0.0197,0.9840,0.0197,0.9803,0.0160,22.7021,0.0074
Playground,17,Inst_1_test_IMG_E7071,0.3688,25.8902,0.0122,0.8553,0.0122,0.9878,0.1447,25.5748,0.0534
Playground,18,Inst_1_test_IMG_E7073,0.3068,27.9850,0.0103,0.9380,0.0103,0.9897,0.0620,27.6973,0.0190
Playground,19,Inst_1_test_IMG_E7074,0.3955,24.6363,0.0158,0.9858,0.0158,0.9842,0.0142,24.2464,0.0056
Playground,20,Inst_1_test_IMG_E7078,0.3727,16.3668,0.0218,0.9565,0.0218,0.9782,0.0435,16.0104,0.0162
Playground,21,Inst_1_test_IMG_E7080,0.4623,18.7806,0.0245,0.9962,0.0245,0.9755,0.0038,18.3201,0.0018
Playground,22,Inst_1_test_IMG_E7083,0.4086,9.9494,0.0397,0.9672,0.0397,0.9603,0.0328,9.5542,0.0134
Playground,23,Inst_1_test_IMG_E7088,0.5597,15.8892,0.0350,0.9943,0.0350,0.9650,0.0057,15.3327,0.0032
Playground,24,Inst_1_test_IMG_E7094,0.7081,14.1996,0.0491,0.9841,0.0490,0.9509,0.0159,13.5028,0.0113
Porch,0,Inst_1_test_IMG_E6624,7.7222,14.1464,0.5011,0.9179,0.4796,0.4989,0.0821,7.0579,0.6337
Porch,1,Inst_1_test_IMG_E6627,8.3720,14.2956,0.5804,0.9911,0.5774,0.4196,0.0089,5.9978,0.0742
Porch,2,Inst_1_test_IMG_E6631,4.5380,10.7567,0.4217,0.9996,0.4217,0.5783,0.0004,6.2203,0.0016
Porch,3,Inst_1_test_IMG_E6637,7.3310,11.6422,0.6273,0.9962,0.6258,0.3727,0.0038,4.3391,0.0279
Porch,4,Inst_1_test_IMG_E6643,1.6290,5.5016,0.2926,0.9883,0.2916,0.7074,0.0117,3.8917,0.0191
Porch,5,Inst_1_test_IMG_E6648,0.8929,5.4425,0.1634,0.9962,0.1633,0.8366,0.0038,4.5530,0.0034
Porch,6,Inst_1_test_IMG_E6660,3.6536,26.6854,0.1366,0.9980,0.1366,0.8634,0.0020,23.0390,0.0072
Porch,7,Inst_1_test_IMG_E6667,5.3230,10.9326,0.4077,0.8374,0.3778,0.5923,0.1626,6.4753,0.8657
Porch,8,Inst_1_test_IMG_E6673,8.5769,13.9254,0.6132,0.9955,0.6115,0.3868,0.0045,5.3869,0.0384
Porch,9,Inst_1_test_IMG_E6674,6.5548,13.9496,0.4696,0.9994,0.4694,0.5304,0.0006,7.3991,0.0042
Porch,10,Inst_1_test_IMG_E6675,6.2801,15.0089,0.4176,0.9981,0.4173,0.5824,0.0019,8.7410,0.0122
Porch,11,Inst_1_test_IMG_E6676,6.3022,16.5030,0.3818,0.9998,0.3818,0.6182,0.0002,10.2020,0.0012
Porch,12,Inst_1_test_IMG_E6677,5.1053,15.6442,0.3263,0.9999,0.3263,0.6737,0.0001,10.5395,0.0005
Porch,13,Inst_1_test_IMG_E6678,4.6163,11.2954,0.3784,0.9259,0.3673,0.6216,0.0741,7.0210,0.3419
Porch,14,Inst_1_test_IMG_E6679,5.1254,12.5045,0.4083,0.9961,0.4077,0.5917,0.0039,7.3989,0.0198
Porch,15,Inst_1_test_IMG_E6680,5.2946,14.1192,0.3749,0.9999,0.3749,0.6251,0.0001,8.8253,0.0007
Porch,16,Inst_1_test_IMG_E6681,3.6695,9.2794,0.3950,0.9989,0.3948,0.6050,0.0011,5.6140,0.0041
Porch,17,Inst_1_test_IMG_E6682,5.2240,13.2790,0.3934,0.9999,0.3934,0.6066,0.0001,8.0553,0.0004
Porch,18,Inst_1_test_IMG_E6683,6.5633,10.2812,0.6351,0.9949,0.6330,0.3649,0.0051,3.7515,0.0336
Porch,19,Inst_1_test_IMG_E6684,4.2099,7.0772,0.5897,0.9913,0.5867,0.4103,0.0087,2.9037,0.0364
Porch,20,Inst_1_test_IMG_E6685,1.2592,6.5090,0.1926,0.9956,0.1924,0.8074,0.0044,5.2553,0.0055
Porch,21,Inst_1_test_IMG_E6686,0.9396,4.8756,0.1925,0.9989,0.1924,0.8075,0.0011,3.9371,0.0011
Porch,22,Inst_1_test_IMG_E6687,1.0357,6.5041,0.1591,0.9988,0.1590,0.8409,0.0012,5.4696,0.0012
Porch,23,Inst_1_test_IMG_E6688,1.4041,5.9617,0.2352,0.9987,0.2352,0.7648,0.0013,4.5594,0.0018
Porch,24,Inst_1_test_IMG_E6689,2.2726,9.5059,0.2385,0.9974,0.2383,0.7615,0.0026,7.2391,0.0058
Pots,0,Inst_1_test_IMG_E2658,2.4544,18.6165,0.1318,1.0000,0.1318,0.8682,0.0000,16.1622,0.0000
Pots,1,Inst_1_test_IMG_E2660,2.3439,32.8272,0.0714,1.0000,0.0714,0.9286,0.0000,30.4833,0.0000
Pots,2,Inst_1_test_IMG_E2662,2.3805,21.3673,0.1114,1.0000,0.1114,0.8886,0.0000,18.9869,0.0000
Pots,3,Inst_1_test_IMG_E2664,2.6037,20.9009,0.1246,1.0000,0.1246,0.8754,0.0000,18.2972,0.0000
Pots,4,Inst_1_test_IMG_E2667,2.8066,16.6629,0.1684,1.0000,0.1684,0.8316,0.0000,13.8563,0.0000
Pots,5,Inst_1_test_IMG_E2669,2.7549,22.4020,0.1230,1.0000,0.1230,0.8770,0.0000,19.6471,0.0000
Pots,6,Inst_1_test_IMG_E2673,1.7270,28.1995,0.0612,1.0000,0.0612,0.9388,0.0000,26.4725,0.0000
Pots,7,Inst_1_test_IMG_E2675,1.7284,16.2945,0.1061,1.0000,0.1061,0.8939,0.0000,14.5661,0.0000
Pots,8,Inst_1_test_IMG_E2679,2.7913,20.1016,0.1389,1.0000,0.1389,0.8611,0.0000,17.3103,0.0000
Pots,9,Inst_1_test_IMG_E2682,1.5067,20.1329,0.0748,1.0000,0.0748,0.9252,0.0000,18.6261,0.0000
Pots,10,Inst_1_test_IMG_E2685,2.3297,12.8856,0.1808,1.0000,0.1808,0.8192,0.0000,10.5560,0.0000
Pots,11,Inst_1_test_IMG_E2688,3.2156,10.7824,0.2982,1.0000,0.2982,0.7018,0.0000,7.5668,0.0000
Pots,12,Inst_1_test_IMG_E2691,2.2899,11.2881,0.2029,1.0000,0.2029,0.7971,0.0000,8.9982,0.0000
Pots,13,Inst_1_test_IMG_E2693,3.7309,20.6959,0.1803,1.0000,0.1803,0.8197,0.0000,16.9650,0.0000
Pots,14,Inst_1_test_IMG_E2696,4.6005,16.9895,0.2708,1.0000,0.2708,0.7292,0.0000,12.3890,0.0000
Pots,15,Inst_1_test_IMG_E2698,4.0492,20.7053,0.1956,1.0000,0.1956,0.8044,0.0000,16.6561,0.0000
Pots,16,Inst_1_test_IMG_E2700,2.4327,20.0384,0.1214,1.0000,0.1214,0.8786,0.0000,17.6057,0.0000
Pots,17,Inst_1_test_IMG_E2703,2.4847,13.2593,0.1874,1.0000,0.1874,0.8126,0.0000,10.7746,0.0000
Pots,18,Inst_1_test_IMG_E2705,2.6616,12.2274,0.2177,1.0000,0.2177,0.7823,0.0000,9.5657,0.0000
Pots,19,Inst_1_test_IMG_E2708,2.1384,11.3286,0.1888,1.0000,0.1888,0.8112,0.0000,9.1902,0.0000
Pots,20,Inst_1_test_IMG_E2711,2.3620,15.5126,0.1523,1.0000,0.1523,0.8477,0.0000,13.1506,0.0000
Pots,21,Inst_1_test_IMG_E2714,2.2778,22.5693,0.1009,1.0000,0.1009,0.8991,0.0000,20.2915,0.0000
Pots,22,Inst_1_test_IMG_E2715,1.9140,10.6538,0.1797,1.0000,0.1797,0.8203,0.0000,8.7398,0.0000
Pots,23,Inst_1_test_IMG_E2716,1.8304,12.8861,0.1420,1.0000,0.1420,0.8580,0.0000,11.0558,0.0000
Pots,24,Inst_1_test_IMG_E2718,3.1389,8.5694,0.3663,1.0000,0.3663,0.6337,0.0000,5.4306,0.0000
Printing_area,0,Inst_1_test_IMG_2192,2.9548,27.0020,0.1074,0.9811,0.1071,0.8926,0.0189,24.1029,0.0558
Printing_area,1,Inst_1_test_IMG_2197,4.0836,6.8157,0.5824,0.9721,0.5728,0.4176,0.0279,2.8462,0.1141
Printing_area,2,Inst_1_test_IMG_2199,1.3628,6.9726,0.1953,0.9991,0.1952,0.8047,0.0009,5.6110,0.0012
Printing_area,3,Inst_1_test_IMG_2200,3.9418,7.7402,0.4926,0.9672,0.4845,0.5074,0.0328,3.9275,0.1291
Printing_area,4,Inst_1_test_IMG_2201,6.0736,9.2187,0.5843,0.8868,0.5437,0.4157,0.1132,3.8327,0.6876
Printing_area,5,Inst_1_test_IMG_2202,9.5798,14.7259,0.6213,0.9550,0.6036,0.3787,0.0450,5.5774,0.4313
Printing_area,6,Inst_1_test_IMG_2203,6.2038,8.1524,0.7173,0.9427,0.6874,0.2827,0.0573,2.3043,0.3557
Printing_area,7,Inst_1_test_IMG_2205,10.9592,16.0118,0.6181,0.9030,0.5796,0.3819,0.0970,6.1153,1.0628
Printing_area,8,Inst_1_test_IMG_2206,5.8946,11.2773,0.5225,0.9997,0.5225,0.4775,0.0003,5.3844,0.0017
Printing_area,9,Inst_1_test_IMG_2207,3.7070,16.9909,0.2162,0.9907,0.2157,0.7838,0.0093,13.3181,0.0343
Printing_area,10,Inst_1_test_IMG_2208,14.3520,20.2486,0.6494,0.9162,0.6130,0.3506,0.0838,7.0995,1.2029
Printing_area,11,Inst_1_test_IMG_2210,10.7082,15.4814,0.6453,0.9330,0.6167,0.3547,0.0670,5.4908,0.7175
Printing_area,12,Inst_1_test_IMG_2211,11.7328,15.4104,0.7572,0.9946,0.7541,0.2428,0.0054,3.7413,0.0637
Printing_area,13,Inst_1_test_IMG_2215,9.8652,16.2483,0.6036,0.9941,0.6014,0.3964,0.0059,6.4412,0.0581
Printing_area,14,Inst_1_test_IMG_2216,7.6699,12.2325,0.6152,0.9811,0.6079,0.3848,0.0189,4.7077,0.1450
Printing_area,15,Inst_1_test_IMG_2217,9.1755,15.4965,0.5197,0.8777,0.4846,0.4803,0.1223,7.4428,1.1217
Printing_area,16,Inst_1_test_IMG_2218,6.4740,10.8347,0.5940,0.9941,0.5919,0.4060,0.0059,4.3987,0.0380
Printing_area,17,Inst_1_test_IMG_2220,5.4144,9.0696,0.5456,0.9139,0.5189,0.4544,0.0861,4.1214,0.4661
Printing_area,18,Inst_1_test_IMG_2221,5.1738,8.0235,0.5933,0.9200,0.5642,0.4067,0.0800,3.2635,0.4138
Printing_area,19,Inst_1_test_IMG_2225,9.1403,17.3007,0.5064,0.9586,0.4956,0.4936,0.0414,8.5393,0.3788
Printing_area,20,Inst_1_test_IMG_2228,16.8735,21.6650,0.7756,0.9959,0.7732,0.2244,0.0041,4.8606,0.0691
Printing_area,21,Inst_1_test_IMG_2229,19.7960,24.7827,0.7476,0.9359,0.7112,0.2524,0.0641,6.2551,1.2683
Printing_area,22,Inst_1_test_IMG_2230,16.0994,24.0046,0.5945,0.8864,0.5524,0.4055,0.1136,9.7339,1.8288
Printing_area,23,Inst_1_test_IMG_2231,15.6729,24.7377,0.6029,0.9517,0.5850,0.3971,0.0483,9.8225,0.7576
Printing_area,24,Inst_1_test_IMG_2232,10.4137,16.2875,0.6383,0.9984,0.6377,0.3617,0.0016,5.8908,0.0170
Zen,0,Inst_1_test_IMG_E2784,2.9437,6.8341,0.4307,1.0000,0.4307,0.5693,0.0000,3.8904,0.0000
Zen,1,Inst_1_test_IMG_E2787,2.0255,8.3028,0.2440,1.0000,0.2440,0.7560,0.0000,6.2773,0.0000
Zen,2,Inst_1_test_IMG_E2790,1.5195,9.6965,0.1566,0.9994,0.1566,0.8434,0.0006,8.1779,0.0009
Zen,3,Inst_1_test_IMG_E2792,1.2299,33.4486,0.0361,0.9804,0.0360,0.9639,0.0196,32.2427,0.0240
Zen,4,Inst_1_test_IMG_E2794,0.9207,64.9080,0.0139,0.9807,0.0139,0.9861,0.0193,64.0051,0.0178
Zen,5,Inst_1_test_IMG_E2799,2.7868,7.5449,0.3693,0.9999,0.3693,0.6307,0.0001,4.7583,0.0002
Zen,6,Inst_1_test_IMG_E2802,4.9603,14.4661,0.3427,0.9994,0.3426,0.6573,0.0006,9.5086,0.0028
Zen,7,Inst_1_test_IMG_E2805,9.4929,19.0105,0.4993,0.9999,0.4993,0.5007,0.0001,9.5184,0.0009
Zen,8,Inst_1_test_IMG_E2807,5.8543,9.4547,0.6190,0.9997,0.6189,0.3810,0.0003,3.6024,0.0020
Zen,9,Inst_1_test_IMG_E2811,3.4533,9.2325,0.3723,0.9954,0.3717,0.6277,0.0046,5.7953,0.0160
Zen,10,Inst_1_test_IMG_E2813,2.2284,9.6798,0.2291,0.9950,0.2288,0.7709,0.0050,7.4624,0.0110
Zen,11,Inst_1_test_IMG_E2815,2.8447,4.9252,0.5776,1.0000,0.5776,0.4224,0.0000,2.0806,0.0000
Zen,12,Inst_1_test_IMG_E2818,1.6417,19.3097,0.0850,1.0000,0.0850,0.9150,0.0000,17.6680,0.0000
Zen,13,Inst_1_test_IMG_E2821,1.5603,53.9520,0.0289,1.0000,0.0289,0.9711,0.0000,52.3917,0.0000
Zen,14,Inst_1_test_IMG_E2824,1.2276,19.1727,0.0640,1.0000,0.0640,0.9360,0.0000,17.9452,0.0000
Zen,15,Inst_1_test_IMG_E2826,2.1846,8.1747,0.2671,0.9993,0.2670,0.7329,0.0007,5.9916,0.0014
Zen,16,Inst_1_test_IMG_E2829,4.2649,8.3174,0.5128,1.0000,0.5128,0.4872,0.0000,4.0525,0.0000
Zen,17,Inst_1_test_IMG_E2830,2.6110,12.7790,0.2043,1.0000,0.2043,0.7957,0.0000,10.1680,0.0000
Zen,18,Inst_1_test_IMG_E2832,7.3739,10.7194,0.6879,1.0000,0.6879,0.3121,0.0000,3.3455,0.0000
Zen,19,Inst_1_test_IMG_E2834,3.9141,6.4404,0.6074,0.9995,0.6072,0.3926,0.0005,2.5283,0.0020
Zen,20,Inst_1_test_IMG_E2837,2.5549,5.4613,0.4678,1.0000,0.4678,0.5322,0.0000,2.9065,0.0000
Zen,21,Inst_1_test_IMG_E2840,2.7729,7.5780,0.3657,0.9993,0.3656,0.6343,0.0007,4.8071,0.0020
Zen,22,Inst_1_test_IMG_E2842,4.3542,7.4608,0.5836,1.0000,0.5836,0.4164,0.0000,3.1068,0.0002
Zen,23,Inst_1_test_IMG_E2845,2.4193,6.3300,0.3821,0.9996,0.3820,0.6179,0.0004,3.9116,0.0009
Zen,24,Inst_1_test_IMG_E2847,1.3855,22.3307,0.0618,0.9956,0.0618,0.9382,0.0044,20.9512,0.0061
