scene,frame,tox_mass,tox_frac,support,cue_area,marginal,tox_rank,known_toxic
Cantina,0,211802.59,0.9488,0.0592,223234.52,-0.01411,4,False
Cantina,1,195498.64,0.9344,0.0779,209225.84,-0.01832,12,False
Cantina,2,177961.86,0.9079,0.1082,196004.62,-0.04239,21,False
Cantina,3,185405.34,0.8314,0.1967,223010.03,0.00222,16,False
Cantina,4,201962.69,0.8257,0.2077,244585.34,-0.02154,7,False
Cantina,5,196266.53,0.8619,0.1580,227720.77,-0.02453,11,False
Cantina,6,185105.77,0.8043,0.2224,230131.62,-0.04095,17,False
Cantina,7,194243.31,0.9511,0.0575,204237.78,-0.01706,14,False
Cantina,8,155624.52,0.8509,0.1630,182897.95,0.00860,25,False
Cantina,9,234204.06,0.8006,0.2248,292537.16,0.01628,2,False
Cantina,10,204784.69,0.8639,0.1501,237034.33,0.00394,6,False
Cantina,11,234565.03,0.8620,0.1533,272132.94,-0.03245,1,False
Cantina,12,195066.39,0.9086,0.1060,214690.98,0.01605,13,False
Cantina,13,176332.34,0.8619,0.1607,204574.03,-0.01078,22,False
Cantina,14,201067.66,0.8256,0.2115,243543.45,0.00215,9,False
Cantina,15,215547.67,0.8720,0.1513,247188.75,0.01695,3,False
Cantina,16,205916.95,0.8711,0.1579,236391.19,0.00941,5,False
Cantina,17,185541.00,0.8692,0.1614,213450.08,0.02326,15,False
Cantina,18,181330.83,0.8197,0.2129,221214.58,-0.00490,19,False
Cantina,19,162288.06,0.8943,0.1208,181469.31,-0.01596,24,False
Cantina,20,178419.53,0.8652,0.1599,206224.06,0.01930,20,False
Cantina,21,200972.94,0.9394,0.0712,213934.73,-0.00388,10,False
Cantina,22,201754.91,0.7980,0.2403,252835.52,-0.00244,8,False
Cantina,23,173568.55,0.8697,0.1591,199578.84,0.00105,23,False
Cantina,24,184143.94,0.8872,0.1358,207565.12,-0.00146,18,False
Garden,0,107342.80,0.8907,0.1342,120513.03,-0.01664,23,False
Garden,1,156348.77,0.9240,0.0880,169211.30,0.01808,3,False
Garden,2,127911.47,0.9044,0.1069,141439.00,0.00352,7,False
Garden,3,108340.37,0.8987,0.1221,120545.62,-0.01716,21,False
Garden,4,114884.22,0.9290,0.0814,123661.30,0.01068,16,False
Garden,5,122348.02,0.9257,0.0899,132170.83,0.00653,10,False
Garden,6,115796.98,0.9106,0.1162,127162.80,0.00421,14,False
Garden,7,122940.13,0.9196,0.1045,133695.44,0.01025,9,False
Garden,8,93287.14,0.9184,0.0925,101580.77,-0.00161,25,False
Garden,9,110488.31,0.8628,0.1589,128057.06,-0.02501,19,False
Garden,10,200648.67,0.9444,0.0702,212470.91,0.00134,1,False
Garden,11,137981.14,0.8812,0.1427,156581.28,-0.00572,5,False
Garden,12,170224.67,0.8982,0.1109,189527.98,0.00277,2,False
Garden,13,128223.31,0.8874,0.1305,144493.47,-0.02641,6,False
Garden,14,107688.73,0.9291,0.0838,115904.98,0.00589,22,False
Garden,15,113414.56,0.9240,0.0998,122746.46,-0.00888,17,False
Garden,16,115376.28,0.9299,0.0866,124076.66,0.00296,15,False
Garden,17,112986.75,0.9300,0.0875,121495.09,-0.00412,18,False
Garden,18,124524.27,0.9372,0.0734,132863.42,0.00159,8,False
Garden,19,119696.33,0.9143,0.1024,130914.59,0.00593,11,False
Garden,20,99173.28,0.9081,0.1154,109204.52,-0.00250,24,False
Garden,21,116694.55,0.9315,0.0863,125281.70,0.00531,12,False
Garden,22,116207.00,0.9073,0.1101,128078.16,-0.00993,13,False
Garden,23,151420.88,0.8424,0.1818,179750.47,-0.04096,4,False
Garden,24,109939.31,0.9232,0.1005,119090.41,-0.00728,20,False
Lounge,0,127462.48,0.9159,0.1038,139166.48,0.02351,13,False
Lounge,1,121337.69,0.9288,0.0831,130637.47,0.01206,16,False
Lounge,2,126774.12,0.9015,0.1201,140620.69,-0.00320,14,False
Lounge,3,108360.59,0.9043,0.1179,119828.84,0.00629,21,False
Lounge,4,155517.72,0.9506,0.0611,163594.31,-0.01360,4,False
Lounge,5,155207.12,0.9361,0.0806,165806.86,0.00380,5,False
Lounge,6,146731.97,0.9245,0.0937,158721.42,0.00244,8,False
Lounge,7,139076.27,0.9143,0.1100,152110.64,-0.00321,9,False
Lounge,8,138488.58,0.9185,0.0974,150769.30,-0.00701,10,False
Lounge,9,106527.25,0.9097,0.1110,117101.34,-0.01864,23,False
Lounge,10,103374.23,0.9140,0.1024,113103.97,0.00568,25,False
Lounge,11,113924.98,0.9209,0.0934,123706.44,0.00284,20,False
Lounge,12,119899.70,0.9088,0.1102,131928.38,-0.00410,17,False
Lounge,13,126147.64,0.9177,0.1029,137458.66,-0.00720,15,False
Lounge,14,103634.34,0.9139,0.1057,113398.05,-0.00515,24,False
Lounge,15,119620.27,0.9315,0.0838,128416.58,-0.00625,18,False
Lounge,16,164672.89,0.8954,0.1187,183918.08,-0.02133,2,False
Lounge,17,129606.98,0.9345,0.0834,138695.55,-0.00304,11,False
Lounge,18,152717.33,0.9367,0.0790,163039.53,0.00227,7,False
Lounge,19,128317.77,0.9126,0.1076,140604.55,-0.00089,12,False
Lounge,20,108144.41,0.9133,0.1039,118410.81,0.00280,22,False
Lounge,21,153677.64,0.9062,0.1139,169586.39,-0.00626,6,False
Lounge,22,210008.59,0.9416,0.0719,223041.66,-0.01742,1,False
Lounge,23,113972.40,0.9202,0.0936,123856.43,-0.00783,19,False
Lounge,24,156455.05,0.8984,0.1206,174156.84,0.00291,3,False
Lunch_room,0,157645.53,0.9618,0.0480,163906.59,0.00818,18,False
Lunch_room,1,166305.19,0.9556,0.0549,174039.97,0.05586,17,False
Lunch_room,2,177707.22,0.9661,0.0424,183940.83,0.01148,9,False
Lunch_room,3,171611.81,0.9787,0.0256,175346.34,-0.00392,13,False
Lunch_room,4,226186.59,0.9843,0.0184,229804.00,-0.01717,1,False
Lunch_room,5,192206.58,0.9711,0.0346,197927.69,0.01927,4,False
Lunch_room,6,174368.45,0.9728,0.0366,179239.78,0.00373,12,False
Lunch_room,7,154870.19,0.9945,0.0066,155733.11,-0.02927,19,False
Lunch_room,8,174963.08,0.9633,0.0458,181624.48,-0.00874,11,False
Lunch_room,9,145508.70,0.9535,0.0549,152598.75,-0.00923,22,False
Lunch_room,10,121758.45,0.9416,0.0703,129309.62,-0.03565,25,False
Lunch_room,11,149238.72,0.8723,0.1612,171084.08,-0.01861,21,False
Lunch_room,12,144252.33,0.9444,0.0656,152749.42,-0.03658,23,False
Lunch_room,13,170655.42,0.9781,0.0291,174469.67,-0.01188,15,False
Lunch_room,14,180547.47,0.9883,0.0148,182688.03,0.00363,8,False
Lunch_room,15,195518.55,0.9814,0.0242,199215.41,-0.00239,3,False
Lunch_room,16,177565.72,0.9599,0.0511,184989.28,-0.00667,10,False
Lunch_room,17,149964.08,0.9515,0.0602,157615.52,-0.00659,20,False
Lunch_room,18,186092.02,0.9775,0.0280,190383.86,-0.00013,6,False
Lunch_room,19,171413.98,0.9800,0.0238,174908.05,-0.00071,14,False
Lunch_room,20,203075.28,0.9741,0.0319,208485.09,0.00569,2,False
Lunch_room,21,188710.30,0.9318,0.0872,202514.69,0.00506,5,False
Lunch_room,22,127861.34,0.8809,0.1335,145147.20,-0.00715,24,False
Lunch_room,23,166439.09,0.9730,0.0318,171065.53,-0.01419,16,False
Lunch_room,24,182868.73,0.9777,0.0288,187049.17,-0.00031,7,False
Meeting_room,0,158249.44,0.9279,0.0881,170553.58,-0.01092,18,False
Meeting_room,1,199402.55,0.9099,0.1137,219154.12,-0.04554,2,False
Meeting_room,2,160161.19,0.8996,0.1366,178045.42,-0.00274,17,False
Meeting_room,3,161070.70,0.8442,0.2099,190803.80,-0.00545,16,False
Meeting_room,4,153598.23,0.8039,0.2655,191063.19,-0.00658,22,False
Meeting_room,5,175990.28,0.8757,0.1638,200980.84,-0.04468,7,False
Meeting_room,6,154106.83,0.8979,0.1343,171629.12,-0.00956,20,False
Meeting_room,7,154767.52,0.8934,0.1356,173233.16,0.00343,19,False
Meeting_room,8,132642.33,0.9036,0.1159,146797.05,-0.00182,25,False
Meeting_room,9,138928.70,0.9176,0.0984,151409.75,0.00690,24,False
Meeting_room,10,165506.62,0.9206,0.0962,179786.27,0.01910,15,False
Meeting_room,11,153975.34,0.9328,0.0961,165064.88,0.00173,21,False
Meeting_room,12,168158.08,0.9202,0.1130,182742.41,0.00639,13,False
Meeting_room,13,201620.11,0.8875,0.1535,227165.73,-0.00302,1,False
Meeting_room,14,185887.12,0.9232,0.1148,201340.47,-0.00522,3,False
Meeting_room,15,181555.77,0.9060,0.1362,200393.02,-0.00726,5,False
Meeting_room,16,169824.62,0.8897,0.1481,190879.53,-0.00613,12,False
Meeting_room,17,171859.47,0.9290,0.0993,185000.95,-0.00735,10,False
Meeting_room,18,139032.89,0.9204,0.0946,151063.03,-0.00025,23,False
Meeting_room,19,172611.72,0.9448,0.0691,182696.88,0.00764,9,False
Meeting_room,20,175760.03,0.9552,0.0535,184012.52,0.00279,8,False
Meeting_room,21,178057.16,0.9518,0.0566,187081.14,0.00374,6,False
Meeting_room,22,166617.56,0.9697,0.0350,171825.97,0.00631,14,False
Meeting_room,23,182542.88,0.9751,0.0282,187201.52,0.01209,4,False
Meeting_room,24,171289.69,0.9721,0.0322,176201.78,0.00592,11,False
Playground,0,183349.08,0.9673,0.0451,189544.56,0.03444,14,False
Playground,1,165964.88,0.9602,0.0534,172843.81,0.03273,21,False
Playground,2,182527.58,0.9646,0.0482,189227.62,0.00017,15,False
Playground,3,147673.33,0.9599,0.0551,153839.33,-0.01698,24,False
Playground,4,139901.33,0.9638,0.0461,145152.83,0.00742,25,False
Playground,5,167694.39,0.9751,0.0347,171984.31,-0.01881,20,False
Playground,6,152047.00,0.9775,0.0289,155551.62,-0.02305,23,False
Playground,7,194372.36,0.9850,0.0205,197336.03,-0.02517,10,False
Playground,8,169924.84,0.9877,0.0160,172040.64,-0.02868,19,False
Playground,9,190408.42,0.9917,0.0107,191995.05,-0.01744,11,False
Playground,10,182292.44,0.9939,0.0070,183410.77,0.00011,16,False
Playground,11,210797.84,0.9951,0.0058,211831.80,-0.02335,5,False
Playground,12,210194.94,0.9949,0.0060,211271.27,-0.01820,6,False
Playground,13,195909.67,0.9946,0.0067,196973.94,-0.01167,9,False
Playground,14,203059.81,0.9945,0.0067,204186.28,-0.03116,7,False
Playground,15,175630.11,0.9939,0.0077,176712.25,-0.02142,17,False
Playground,16,215676.72,0.9951,0.0058,216748.25,-0.00749,4,False
Playground,17,219087.80,0.9941,0.0077,220397.19,-0.00202,2,False
Playground,18,219994.86,0.9955,0.0056,220985.69,0.01695,1,False
Playground,19,217088.69,0.9941,0.0075,218378.52,0.02118,3,False
Playground,20,188796.22,0.9945,0.0058,189835.77,0.01029,12,False
Playground,21,196219.45,0.9939,0.0074,197421.53,0.00988,8,False
Playground,22,152158.55,0.9880,0.0144,154007.64,-0.01465,22,False
Playground,23,188249.02,0.9812,0.0246,191859.47,-0.00550,13,False
Playground,24,174709.41,0.9714,0.0340,179857.17,-0.00220,18,False
Porch,0,152619.06,0.8327,0.2010,183276.03,-0.07697,4,True
Porch,1,129463.66,0.7471,0.2824,173296.56,0.03191,20,False
Porch,2,135945.77,0.8287,0.2039,164054.45,0.00191,13,False
Porch,3,135062.50,0.7830,0.2417,172494.19,-0.02548,15,False
Porch,4,116287.92,0.9337,0.0754,124540.66,0.00475,24,False
Porch,5,114450.48,0.9545,0.0524,119904.52,0.01201,25,False
Porch,6,187083.92,0.8633,0.1561,216716.47,-0.01823,1,False
Porch,7,150098.72,0.8741,0.1474,171727.03,-0.06459,6,True
Porch,8,133079.75,0.7514,0.2774,177118.81,0.01324,17,False
Porch,9,133917.23,0.7741,0.2547,172986.41,0.02010,16,False
Porch,10,145294.75,0.7969,0.2347,182317.08,0.01481,8,False
Porch,11,156247.94,0.8028,0.2429,194623.91,0.01658,3,False
Porch,12,152236.19,0.8273,0.2083,184010.34,-0.00049,5,False
Porch,13,144092.78,0.8862,0.1375,162593.12,-0.03792,9,False
Porch,14,146325.53,0.8310,0.1986,176092.56,0.00327,7,False
Porch,15,144048.23,0.8141,0.2282,176931.05,0.00859,10,False
Porch,16,139191.73,0.8514,0.1786,163495.31,-0.01086,11,False
Porch,17,158361.28,0.8283,0.2068,191199.41,0.00010,2,False
Porch,18,125252.89,0.7883,0.2315,158894.41,-0.01214,21,False
Porch,19,122632.59,0.8629,0.1528,142114.28,0.00599,22,False
Porch,20,130841.30,0.9464,0.0666,138251.28,0.00356,18,False
Porch,21,120610.39,0.9563,0.0521,126116.59,-0.00087,23,False
Porch,22,137848.00,0.9533,0.0558,144607.77,-0.00855,12,False
Porch,23,130339.72,0.9406,0.0694,138575.73,0.00394,19,False
Porch,24,135134.72,0.9090,0.1066,148666.83,-0.00258,14,False
Pots,0,188954.28,0.9042,0.1244,208966.50,-0.00976,13,False
Pots,1,230667.81,0.9267,0.0852,248910.38,-0.00241,1,False
Pots,2,214317.39,0.9176,0.1076,233555.47,-0.01696,3,False
Pots,3,202636.59,0.8698,0.1551,232964.81,-0.01762,6,False
Pots,4,187118.11,0.8917,0.1344,209841.48,-0.00052,14,False
Pots,5,205156.44,0.9044,0.1193,226853.11,-0.00188,4,False
Pots,6,220528.41,0.9475,0.0708,232757.66,0.00288,2,False
Pots,7,189287.41,0.9055,0.1098,209051.86,0.00127,12,False
Pots,8,192950.97,0.8947,0.1302,215648.66,-0.00623,10,False
Pots,9,196256.69,0.9256,0.0872,212030.95,-0.00052,9,False
Pots,10,172390.17,0.9012,0.1277,191296.45,-0.00177,17,False
Pots,11,161290.61,0.8803,0.1362,183229.83,0.01718,22,False
Pots,12,167938.55,0.9074,0.1136,185075.58,0.00149,19,False
Pots,13,201207.09,0.8790,0.1531,228896.30,0.00130,7,False
Pots,14,174503.31,0.8337,0.2041,209305.06,0.00308,16,False
Pots,15,200848.98,0.8691,0.1716,231102.30,0.00324,8,False
Pots,16,192840.44,0.9053,0.1254,213018.00,-0.00200,11,False
Pots,17,168442.03,0.8924,0.1379,188757.59,0.00263,18,False
Pots,18,160386.20,0.8802,0.1549,182214.02,-0.00276,23,False
Pots,19,165053.03,0.9106,0.1138,181264.38,0.00268,21,False
Pots,20,176301.23,0.9015,0.1303,195570.38,-0.00426,15,False
Pots,21,203959.64,0.9197,0.1018,221764.95,0.00241,5,False
Pots,22,148564.28,0.8785,0.1378,169103.25,-0.00338,24,False
Pots,23,165629.17,0.9161,0.1097,180806.62,-0.00461,20,False
Pots,24,141501.11,0.8529,0.1849,165897.20,-0.00006,25,False
Printing_area,0,190094.23,0.9186,0.0922,206933.52,-0.05466,1,False
Printing_area,1,113707.77,0.8780,0.1409,129509.38,-0.02023,20,False
Printing_area,2,138302.17,0.9708,0.0346,142465.20,0.00821,6,False
Printing_area,3,109363.36,0.8480,0.1889,128972.10,-0.03652,22,False
Printing_area,4,101073.88,0.7960,0.2342,126974.98,-0.07560,25,True
Printing_area,5,126125.62,0.7361,0.3176,171338.38,-0.01866,15,False
Printing_area,6,110677.77,0.8236,0.2088,134386.73,-0.02576,21,False
Printing_area,7,121431.95,0.6992,0.3398,173667.92,-0.00432,17,False
Printing_area,8,138054.31,0.8297,0.2129,166400.00,0.02843,7,False
Printing_area,9,133345.86,0.8449,0.1777,157823.61,-0.01347,13,False
Printing_area,10,142992.67,0.6827,0.3891,209449.30,0.00639,4,False
Printing_area,11,125859.92,0.7187,0.3347,175126.78,0.01808,16,False
Printing_area,12,128551.02,0.7050,0.3459,182354.70,0.01906,14,False
Printing_area,13,141452.31,0.7523,0.2866,188030.30,0.02475,5,False
Printing_area,14,118223.70,0.7528,0.2800,157042.03,0.02039,18,False
Printing_area,15,137828.12,0.7699,0.2661,179024.20,-0.01253,8,False
Printing_area,16,114239.78,0.7910,0.2638,144422.83,0.00327,19,False
Printing_area,17,104285.08,0.8003,0.2322,130304.06,-0.01123,23,False
Printing_area,18,102467.79,0.8235,0.2052,124428.31,-0.02083,24,False
Printing_area,19,135851.75,0.7340,0.3058,185087.59,-0.00482,10,False
Printing_area,20,134691.55,0.6612,0.3815,203712.55,0.00687,11,False
Printing_area,21,136114.02,0.6101,0.4477,223099.69,-0.00987,9,False
Printing_area,22,160996.98,0.6899,0.3647,233363.38,0.00332,3,False
Printing_area,23,171720.75,0.7620,0.2614,225353.61,-0.00593,2,False
Printing_area,24,133777.44,0.7086,0.3445,188802.42,0.01734,12,False
Zen,0,117188.70,0.8701,0.1573,134689.62,0.01154,21,False
Zen,1,138588.09,0.9203,0.0980,150587.34,0.01994,13,False
Zen,2,149704.72,0.9408,0.0735,159131.84,0.02757,7,False
Zen,3,189745.69,0.7863,0.2321,241329.34,-0.06373,1,True
Zen,4,182915.50,0.4521,0.6003,404575.25,-0.11031,2,True
Zen,5,141961.16,0.8897,0.1273,159562.86,0.01709,12,False
Zen,6,149436.25,0.8434,0.1732,177179.66,-0.08639,8,True
Zen,7,167898.36,0.7733,0.2450,217124.72,-0.01553,5,False
Zen,8,130978.63,0.8179,0.2059,160139.53,-0.02407,16,False
Zen,9,142775.56,0.8877,0.1393,160829.14,-0.00637,11,False
Zen,10,144125.59,0.9213,0.0959,156437.70,0.00258,10,False
Zen,11,121429.01,0.8793,0.1507,138100.77,0.00756,18,False
Zen,12,182631.55,0.9472,0.0636,192813.67,0.01105,3,False
Zen,13,135681.83,0.3989,0.6485,340177.69,-0.06982,14,False
Zen,14,168076.64,0.9004,0.1095,186672.84,-0.00830,4,False
Zen,15,133053.25,0.9107,0.1075,146104.88,0.02059,15,False
Zen,16,121042.16,0.8257,0.2017,146592.06,0.01721,19,False
Zen,17,148144.95,0.8758,0.1439,169159.77,-0.00336,9,False
Zen,18,112673.15,0.7438,0.2877,151492.69,0.00539,22,False
Zen,19,100955.38,0.8191,0.2187,123245.88,0.01640,25,False
Zen,20,110735.81,0.8815,0.1396,125623.46,0.01586,23,False
Zen,21,118373.04,0.8603,0.1658,137603.05,0.00555,20,False
Zen,22,102857.70,0.8041,0.2321,127915.16,0.00518,24,False
Zen,23,122083.75,0.8921,0.1312,136849.47,0.01481,17,False
Zen,24,157069.45,0.8450,0.1779,185877.16,-0.00837,6,False
