scene,frame,name,pnp_inliers,ba_inliers,ba_residual,cue_mass,cue_area,cue_max,cue_consistency,dir_isolation,cam_dist_centroid,marginal_miou
Cantina,0,Inst_1_test_IMG_2863,990,1980,30.003159523487092,218690.9375,0.2481330931186676,1.919649362564087,0.3108230175092816,23.69342343707358,5.93532445131481,-0.0006265342465752721
Cantina,1,Inst_1_test_IMG_2865,1101,2202,-49.623221697092056,208399.90625,0.2009672075510025,1.9389147758483887,0.5102805831560887,20.914246464093868,4.188453001253417,-0.021365354647330193
Cantina,2,Inst_1_test_IMG_2868,948,1896,-46.62914898657799,189554.15625,0.16900072991847992,1.8056640625,0.5941518055547288,19.906974408446693,3.2837513844628083,-0.05224054166666664
Cantina,3,Inst_1_test_IMG_2870,812,1624,385.769904406786,221569.21875,0.2351732850074768,1.84765625,0.3902058299112456,24.370039274253813,3.4799970234060353,-0.0027683194444443893
Cantina,4,Inst_1_test_IMG_2871,353,706,-73203.77366622258,237426.84375,0.2899029850959778,1.8817775249481201,0.40234151663915185,32.62833658303634,3.6373053801900794,-0.014411192857142818
Cantina,5,Inst_1_test_IMG_2873,823,1646,976.6706502671242,230221.375,0.28639140725135803,1.9064112901687622,0.6207347432723131,23.781495783364274,1.7740493451095232,-0.044317608695652155
Cantina,6,Inst_1_test_IMG_2874,740,1480,142.14726774978638,250954.15625,0.3152802288532257,1.93115234375,0.5673095292744699,24.587471880644404,0.8304290467105422,-0.019883013513513514
Cantina,7,Inst_1_test_IMG_2876,1620,3240,-7.73375533759594,203506.25,0.1835719794034958,1.8986430168151855,0.6110170915948678,19.58214111063684,1.8848516069452361,-0.025137527777777835
Cantina,8,Inst_1_test_IMG_2878,779,1558,1835.5790157909394,181906.09375,0.13007928431034088,1.7625064849853516,0.5319884481749195,19.2367656344918,3.584527087414047,0.000638400966183561
Cantina,9,Inst_1_test_IMG_2880,887,1774,393.9293222322464,255954.875,0.30763065814971924,1.9039833545684814,0.14531940705723145,34.19540092201214,5.997799875722079,-0.0012384486842105247
Cantina,10,Inst_1_test_IMG_2882,1263,2526,286.746182426095,236147.9375,0.28193849325180054,1.7714855670928955,0.3428734134687239,31.225749029874475,5.980415278043081,-0.0082097712418302
Cantina,11,Inst_1_test_IMG_2883,951,1902,352.7637112193108,257716.4375,0.3324182331562042,1.809278964996338,0.3240375475164159,44.97138317229354,5.913979282285767,-0.052031097222222156
Cantina,12,Inst_1_test_IMG_2887,1242,2484,617.3678429188728,208854.578125,0.17505107820034027,1.9208705425262451,0.3755934135717032,22.72386264784635,3.763395424439726,0.042494847619047704
Cantina,13,Inst_1_test_IMG_2889,823,1646,1567.0460140879154,201388.5625,0.18560859560966492,1.8622920513153076,0.3830097294626709,40.32454732745035,1.694091551343988,-0.01839110588235293
Cantina,14,Inst_1_test_IMG_2890,815,1630,-150.3259886827469,232434.640625,0.2560870945453644,1.9251463413238525,0.6150533887953934,21.933778034144307,1.097820574906786,0.02462593055555562
Cantina,15,Inst_1_test_IMG_2891,569,1138,227.69369140291215,248764.71875,0.290254682302475,1.8264886140823364,0.44504579188631255,33.99636272796855,1.4482543263972385,0.018894185185185097
Cantina,16,Inst_1_test_IMG_2895,1183,2366,463.3936717071533,233689.3125,0.25197187066078186,1.844273328781128,0.3797075165998167,20.011035354574734,4.436890157337859,-0.01836109722222229
Cantina,17,Inst_1_test_IMG_2900,1011,2022,125.72584252548218,206016.53125,0.20964033901691437,1.9930059909820557,0.6412622779526338,20.477869905315913,1.6901682540698395,0.02369935555555558
Cantina,18,Inst_1_test_IMG_2901,937,1874,266.2043894581795,207276.15625,0.20109668374061584,1.8860194683074951,0.6164967056156181,27.780207412044316,0.38501169428236454,0.010054203571428721
Cantina,19,Inst_1_test_IMG_2902,1390,2780,300.65502526044844,176406.71875,0.14321932196617126,1.7120423316955566,0.5168553394800715,33.83388666967661,0.46860077818801354,-0.00020569444444451523
Cantina,20,Inst_1_test_IMG_2903,1375,2750,24.203448046803477,211851.28125,0.1967330127954483,1.9212361574172974,0.5211854427460698,28.584714181058803,0.7134661371961063,0.029750495016611422
Cantina,21,Inst_1_test_IMG_2904,1320,2640,11.560342998743058,212736.640625,0.20365644991397858,1.9399023056030273,0.5877045519721537,21.283152270663013,2.101781753389829,-0.008144450000000025
Cantina,22,Inst_1_test_IMG_2906,324,648,260.5553660635948,222688.4375,0.24948033690452576,1.8937227725982666,0.5056439791289887,26.112327780435404,1.369885104759413,-0.012742930555555532
Cantina,23,Inst_1_test_IMG_2908,1206,2412,653.9064599530697,186524.5625,0.16905146837234497,1.8106141090393066,0.5258761431531138,19.176118259941358,2.3790232829064535,-0.01853678743961351
Cantina,24,Inst_1_test_IMG_2909,943,1886,89.87447801804542,199946.03125,0.16896222531795502,1.930051326751709,0.6155493452667669,20.86175573439078,2.366308384100767,0.01923749837662342
Garden,0,Inst_1_test_IMG_E7225,1071,2142,347.5029604027271,121176.65625,0.05408079922199249,1.8704575300216675,0.8273298624053791,13.076209244581298,2.0655666221458473,-0.008787437499999995
Garden,1,Inst_1_test_IMG_E7228,923,1846,139.0449634180069,142597.5625,0.10172783583402634,1.6772770881652832,0.7992027058555328,13.78768762550231,0.26998783979420565,0.027653643939393957
Garden,2,Inst_1_test_IMG_E7230,984,1968,8839.348060770988,145935.21875,0.11656039953231812,1.655972957611084,0.7661283067172793,14.56784879675623,2.4054596635070458,nan
Garden,3,Inst_1_test_IMG_E7233,1219,2438,471.66261524677276,122108.09375,0.04462051764130592,1.88916015625,0.8294333221217317,14.62677665509572,2.633103750604183,-0.025498178160919427
Garden,4,Inst_1_test_IMG_E7235,1093,2186,-158.99774926519393,121994.1484375,0.04015355557203293,1.8231953382492065,0.8194223565060877,15.619504641689687,5.089496872334374,-0.010419249999999991
Garden,5,Inst_1_test_IMG_E7237,1233,2466,-178.72527639436723,135452.5625,0.0601794496178627,1.894031047821045,0.8747438267790901,14.688907011972155,3.5609221235774116,0.02790460507246373
Garden,6,Inst_1_test_IMG_E7239,1236,2472,500.2447495846748,119742.03125,0.052770186215639114,1.964482069015503,0.9084050111120721,11.582292549681837,2.3104464165125047,nan
Garden,7,Inst_1_test_IMG_E7242,1373,2746,305.44939988911153,128088.921875,0.05797053128480911,1.8951067924499512,0.6686317339580468,25.277684982370243,5.539970637700574,0.020351999999999926
Garden,8,Inst_1_test_IMG_E7244,1167,2334,156.5891392941475,104405.0625,0.06200062483549118,1.6832163333892822,0.875521204592387,11.228488665740976,0.9410605319264609,0.007530371710526174
Garden,9,Inst_1_test_IMG_E7245,1247,2494,-12.347465949296952,138176.78125,0.0762471854686737,1.907335638999939,0.7904800299855693,15.293173131626673,2.289762793047674,-0.03347629166666666
Garden,10,Inst_1_test_IMG_E7247,712,1424,760.503052071333,179135.9375,0.12075717002153397,1.7668235301971436,0.867254460248245,11.856887257972721,1.2829457852384958,0.023519003787878856
Garden,11,Inst_1_test_IMG_E7249,1269,2538,232.37170478177072,152369.8125,0.11026699841022491,1.9251716136932373,0.5527042540251506,28.84646572151218,5.172069206497199,0.003795133333333256
Garden,12,Inst_1_test_IMG_E7252,925,1850,-11.12526659011841,174532.140625,0.1699867695569992,1.8484431505203247,0.6397823985006434,14.70245642227155,3.0529621828602687,0.0023002681159420835
Garden,13,Inst_1_test_IMG_E7256,1042,2084,-143.61069218707084,142840.90625,0.08237741887569427,1.9365234375,0.6681621949089012,17.693416233293103,5.13557536910141,nan
Garden,14,Inst_1_test_IMG_E7258,1235,2470,102.61915263748169,123748.1640625,0.046257469803094864,1.7215766906738281,0.9094239880629661,11.494264824313333,2.352510907297897,-0.02799560000000001
Garden,15,Inst_1_test_IMG_E7260,1234,2468,128.1751458632946,124664.65625,0.05321582779288292,1.9759505987167358,0.9224596937320412,10.694124817304514,0.5600297699238379,-0.004171307971014393
Garden,16,Inst_1_test_IMG_E7262,1216,2432,245.12283985805513,119973.53125,0.05210172012448311,1.7816312313079834,0.770490553575738,17.219036040826627,3.5537515627575176,0.006480155172413848
Garden,17,Inst_1_test_IMG_E7265,1202,2404,276.24832303071025,115503.9140625,0.04997701570391655,1.889951229095459,0.8078074572485255,15.677818402358989,3.0233012161831905,nan
Garden,18,Inst_1_test_IMG_E7267,1160,2320,142.942688215971,137513.90625,0.09575551003217697,1.783240556716919,0.7094120941820486,14.284641611096541,2.9046195747609143,nan
Garden,19,Inst_1_test_IMG_E7270,1113,2226,-229.1451208586693,127247.1953125,0.06953445822000504,1.8195083141326904,0.878805415752637,10.878318571326199,2.3439789809421785,nan
Garden,20,Inst_1_test_IMG_E7272,1413,2826,171.07510150289536,108036.0703125,0.044208209961652756,1.850874900817871,0.929919681983971,11.467140233075689,1.1906947019139262,0.004725589743589609
Garden,21,Inst_1_test_IMG_E7274,1286,2572,241.45913176524638,126195.203125,0.05551422759890556,1.8244705200195312,0.7747571684832008,17.43496810123429,4.023940629699254,0.0033790344827587804
Garden,22,Inst_1_test_IMG_E7276,1168,2336,49.96010049438477,127824.4609375,0.07832978665828705,1.92333984375,0.8083762414711436,10.650286025974252,1.4572097894656104,-0.01426388709677412
Garden,23,Inst_1_test_IMG_E7277,1038,2076,-14.657743047714234,184915.6875,0.17299048602581024,1.8572442531585693,0.49823996491305855,19.3642606232176,3.7774057347898786,-0.04353517741935481
Garden,24,Inst_1_test_IMG_E7279,1245,2490,99.39553422117234,120933.625,0.05104024335741997,1.9380953311920166,0.9213387092796539,11.410607334764157,0.7968546925377861,nan
Lounge,0,Inst_1_test_IMG_3838,1120,2240,1187.2854668323994,139993.59375,0.07334095984697342,1.829169511795044,0.686853425044622,12.707237339018208,3.4980298765222226,0.017812351449275288
Lounge,1,Inst_1_test_IMG_3839,1086,2172,715.0267577236891,129706.25,0.051701027899980545,1.8223555088043213,0.6689512166233628,13.797350898865396,2.2613263871608207,0.00811485648148158
Lounge,2,Inst_1_test_IMG_3840,971,1942,384.7693628647327,134186.1875,0.058164313435554504,1.7802631855010986,0.7007548965961491,17.195866197366474,0.9912935369298148,-0.02919716129032257
Lounge,3,Inst_1_test_IMG_3842,893,1786,164.6920414094925,125043.734375,0.057646412402391434,1.81088387966156,0.8307444079126871,13.299190069857383,1.2430150448257093,0.036739164335664265
Lounge,4,Inst_1_test_IMG_3846,727,1454,495.0675601630211,147492.40625,0.09196970611810684,1.8923603296279907,0.5176771506254977,29.15953645080258,7.251986490791904,nan
Lounge,5,Inst_1_test_IMG_3851,1042,2084,379.4985688304901,155493.625,0.143411785364151,1.859994649887085,0.6514121121886847,13.03108676568312,2.0964240984241007,0.016156135416666717
Lounge,6,Inst_1_test_IMG_3852,947,1894,211.3563684835434,164020.375,0.13068817555904388,1.794335126876831,0.7210727370556034,12.90709110481633,0.8072709004114474,0.005369290322580822
Lounge,7,Inst_1_test_IMG_3853,936,1872,-2638.565725666046,146159.09375,0.09600969403982162,1.8241451978683472,0.7903665086661206,14.644469800793047,1.1219768895754598,-0.0018524583333332512
Lounge,8,Inst_1_test_IMG_3854,1046,2092,9687.328273323536,155465.28125,0.10672467947006226,1.7982730865478516,0.6994460659695159,14.782611473509315,1.7633747569820437,nan
Lounge,9,Inst_1_test_IMG_3858,1111,2222,-1273.785035593033,113514.5703125,0.039045657962560654,1.793573021888733,0.6821034388715363,19.007153667191062,4.342244422480699,-0.008421838709677276
Lounge,10,Inst_1_test_IMG_3859,994,1988,-10385.461477452754,105019.6875,0.03357793763279915,1.8371260166168213,0.7158627262346917,17.06926583177473,3.225450440811455,-0.008698624183006487
Lounge,11,Inst_1_test_IMG_3860,1024,2048,853.8746673778296,112914.3203125,0.042130328714847565,1.6861040592193604,0.7952969748214499,12.83168382916314,1.4651166942349707,-0.0034669020979021248
Lounge,12,Inst_1_test_IMG_3861,884,1768,446.2693329515457,122353.453125,0.05307627096772194,1.7460448741912842,0.5325895212504947,12.304991539921971,0.494442931802928,-0.024262302083333354
Lounge,13,Inst_1_test_IMG_3862,824,1648,533.3674144983291,132591.5,0.05647588148713112,1.7596646547317505,0.81390631222973,12.54230998014116,0.4352092844921601,0.012070249999999949
Lounge,14,Inst_1_test_IMG_3863,1001,2002,225.14072319602965,116386.8046875,0.04276895895600319,1.7023416757583618,0.8210069907110248,11.990669207883291,1.551194438332917,nan
Lounge,15,Inst_1_test_IMG_3864,901,1802,343.78955877113344,123721.6171875,0.05044476315379143,1.725496530532837,0.7807500934402671,15.660335625293984,2.7380735382413968,0.014445534482758648
Lounge,16,Inst_1_test_IMG_3868,793,1586,379.8591107387543,194433.3125,0.17726966738700867,1.8554325103759766,0.3986233988144606,32.6855444471228,6.775053034347165,-0.010868239583333383
Lounge,17,Inst_1_test_IMG_3871,1036,2072,450.1339868888855,133138.625,0.09124709665775299,1.8779475688934326,0.6472090039796454,15.639727005475974,4.200221570400107,-0.005760233333333198
Lounge,18,Inst_1_test_IMG_3872,986,1972,491.8871045484543,161876.125,0.1367087960243225,1.9003649950027466,0.6931010573813636,14.998665168319063,2.979006609231808,-0.016695010416666545
Lounge,19,Inst_1_test_IMG_3874,1114,2228,-180.92375210762023,140516.9375,0.09054547548294067,1.7565584182739258,0.7685260757797414,13.73340795486313,0.9019147236431442,-0.0020447822580644814
Lounge,20,Inst_1_test_IMG_3877,1065,2130,978.1465664777757,114588.1875,0.044457390904426575,1.909726858139038,0.6082107012625565,21.81982192550757,2.5081587818553257,0.00648035197368424
Lounge,21,Inst_1_test_IMG_3878,966,1932,4821.570899965286,164928.3125,0.1578938066959381,1.699163556098938,0.5301089127610059,19.114157945321015,3.7470776446408856,0.001245041666666613
Lounge,22,Inst_1_test_IMG_3880,947,1894,-230.47760012245178,189350.75,0.20221473276615143,1.886894941329956,0.5355066535257036,26.798525361984787,3.1922140614038987,nan
Lounge,23,Inst_1_test_IMG_3881,964,1928,2299.353549830437,116899.046875,0.039518069475889206,1.7889965772628784,0.7167157183775092,18.718502135875426,1.945674573642493,-0.01786429310344828
Lounge,24,Inst_1_test_IMG_3882,938,1876,445.81884780311583,182073.53125,0.17979618906974792,1.7961127758026123,0.6646450568465988,19.264749709370026,0.5041580311103473,-0.016943774193548422
Lunch_room,0,Inst_1_test_IMG_3508,946,1892,227.5993302564621,162474.21875,0.09444863349199295,1.88960599899292,0.4179871423789443,86.12538125627752,4.064720647070513,nan
Lunch_room,1,Inst_1_test_IMG_3509,1010,2020,209.7481589574814,165615.0625,0.12784868478775024,1.8413920402526855,0.39937220934736223,89.5952895405756,4.362893900507116,0.077057493006993
Lunch_room,2,Inst_1_test_IMG_3510,986,1972,216.50503732967377,175340.328125,0.16828575730323792,1.8993120193481445,0.3188152325157776,94.09375474429822,4.31096662118889,0.008454031249999994
Lunch_room,3,Inst_1_test_IMG_3513,1170,2340,152.30324457645418,172659.59375,0.12584710121154785,1.8010683059692383,0.2423173642674773,107.48822099184422,4.458213838380746,-0.03178763636363624
Lunch_room,4,Inst_1_test_IMG_3514,952,1904,188.88114053153993,214920.5625,0.22138385474681854,1.7137885093688965,0.17800911368468292,105.97671938067111,5.180913280743517,-0.0015212517482517396
Lunch_room,5,Inst_1_test_IMG_3515,1951,3902,6.729601377487183,202762.65625,0.23281005024909973,1.9053981304168701,0.37303135148416433,98.21759217364752,3.9582378430824665,0.04758881609195398
Lunch_room,6,Inst_1_test_IMG_3516,1092,2184,126.88256433081627,163011.25,0.12304731458425522,1.6320724487304688,0.34865443188059353,92.73438358758028,2.9323749224459936,0.02294031884057962
Lunch_room,7,Inst_1_test_IMG_3517,1035,2070,151.61552178907394,178659.40625,0.15295419096946716,2.0,0.29528475238341473,86.17660184800125,2.2428109002762016,-0.024674300000000038
Lunch_room,8,Inst_1_test_IMG_3518,1034,2068,167.90218315029145,182677.71875,0.17123225331306458,1.762401819229126,0.34188685040983474,80.7933003993087,2.843217598515696,-0.05954725000000005
Lunch_room,9,Inst_1_test_IMG_3519,1089,2178,154.05029758262634,164787.3125,0.13028168678283691,1.7322943210601807,0.34735207295036596,75.93141805022323,3.6409111582475377,0.029923088815789423
Lunch_room,10,Inst_1_test_IMG_3520,1096,2192,155.2563290424347,129665.96875,0.05592583492398262,1.7119140625,0.35618124249122685,74.86771929662463,4.494969551934462,-0.01563654166666667
Lunch_room,11,Inst_1_test_IMG_3521,1140,2280,152.63734965991975,163484.421875,0.12473975867033005,1.835347056388855,0.39417092046990937,74.02611979055662,4.178399622123197,-0.018676032407407395
Lunch_room,12,Inst_1_test_IMG_3522,1199,2398,134.01973872351647,146766.375,0.09663187712430954,1.94384765625,0.4051447437660385,73.43908465489885,3.6279630445297615,-0.007881040322580746
Lunch_room,13,Inst_1_test_IMG_3523,860,1720,191.80191491365434,165711.9375,0.11509858071804047,1.8152868747711182,0.40434757531842574,73.94079223077803,3.153116064210497,0.00743252898550717
Lunch_room,14,Inst_1_test_IMG_3525,1787,3574,41.62036213088036,183611.8125,0.15468505024909973,1.8468382358551025,0.2716551680374833,76.6556885478673,2.0960336805883806,-0.032803312500000015
Lunch_room,15,Inst_1_test_IMG_3526,1080,2160,170.31441387844086,189138.34375,0.1833326369524002,2.0,0.33873047413350005,81.4444799171472,2.4251679477380996,0.00652392708333327
Lunch_room,16,Inst_1_test_IMG_3527,961,1922,207.8757713646889,173015.46875,0.12742426991462708,1.862630844116211,0.40180519999580233,85.50659005606182,3.2617756484537623,-0.007915571428571466
Lunch_room,17,Inst_1_test_IMG_3528,937,1874,219.27179902648928,159336.796875,0.11772195994853973,1.8733844757080078,0.4256621740465577,88.78934481372607,4.283321960118162,-0.014481541666666653
Lunch_room,18,Inst_1_test_IMG_3529,1026,2052,194.05312412893772,187986.5625,0.17418573796749115,1.8320919275283813,0.3337339827712189,97.5980841762302,4.518843365825002,-0.004058600000000023
Lunch_room,19,Inst_1_test_IMG_3531,1241,2482,146.66314904212953,169780.140625,0.13532234728336334,1.9257746934890747,0.22706804241739695,107.92768649920265,4.492374948041948,-0.014673428571428615
Lunch_room,20,Inst_1_test_IMG_3533,1988,3976,1.6428226029872894,192414.5,0.209985613822937,1.7690820693969727,0.3724319064755313,97.81639714763098,3.9940983880365457,0.015377870967742013
Lunch_room,21,Inst_1_test_IMG_3535,951,1902,201.2545317440033,176389.59375,0.1596715748310089,1.7124567031860352,0.36995241808105406,84.97198752416027,2.8169368364931207,-0.024979057471264388
Lunch_room,22,Inst_1_test_IMG_3536,1056,2112,183.39948932743073,145515.375,0.08279188722372055,1.6300270557403564,0.314467743623756,76.54584542721743,4.299686526912212,-0.004053324074074105
Lunch_room,23,Inst_1_test_IMG_3537,889,1778,191.8619689846039,160949.578125,0.12301762402057648,1.7111376523971558,0.4332247273467431,73.93655642927826,3.3189111830040066,nan
Lunch_room,24,Inst_1_test_IMG_3538,959,1918,190.81854148817064,183070.25,0.14957977831363678,1.9939666986465454,0.37566263799681887,78.773329293687,2.168663554545462,nan
Meeting_room,0,Inst_1_test_IMG_1862,1159,2318,141.12447878956795,173583.21875,0.17148829996585846,1.835767388343811,0.19043205237378968,100.66317972763784,4.256468092048748,-0.020249104166666643
Meeting_room,1,Inst_1_test_IMG_1863,1166,2332,133.38588020610808,182454.234375,0.15330162644386292,1.7514688968658447,0.19013951331432752,96.875254233764,4.333916127741061,-0.060959937500000005
Meeting_room,2,Inst_1_test_IMG_1864,1112,2224,118.0933034889102,169904.765625,0.12884218990802765,1.928229808807373,0.3956449732807616,91.3777135323905,3.4889459894521075,nan
Meeting_room,3,Inst_1_test_IMG_1865,1057,2114,132.55754649376868,184168.09375,0.17023025453090668,1.9401291608810425,0.39940683551326106,85.04078210157299,3.0978902260951107,0.008989020833333305
Meeting_room,4,Inst_1_test_IMG_1866,1162,2324,107.3600557911396,178197.390625,0.18407048285007477,1.9994113445281982,0.40491963342579335,77.6219384171722,2.7450766304175285,-0.0039669000000002175
Meeting_room,5,Inst_1_test_IMG_1867,2107,4000,-0.01374863576889038,194128.46875,0.17329946160316467,1.9286210536956787,0.42515692307623776,76.14784278547214,2.8368887729689107,-0.0342363
Meeting_room,6,Inst_1_test_IMG_1868,2019,4000,-0.007168748140335083,166603.90625,0.13085401058197021,1.962268590927124,0.4340683189809177,71.82992812857191,3.0544651320346388,-0.03537687096774195
Meeting_room,7,Inst_1_test_IMG_1869,1089,2178,185.0596395597458,169345.046875,0.12563513219356537,1.9513278007507324,0.4638178431500585,76.52162756368172,3.544585535985526,0.005851183333333232
Meeting_room,8,Inst_1_test_IMG_1870,963,1926,191.00357965755464,144173.109375,0.07777188718318939,1.9333750009536743,0.523675958717952,71.6700040104865,3.8750277472464094,-0.006962229166666667
Meeting_room,9,Inst_1_test_IMG_1871,1023,2046,170.46789224886894,147426.28125,0.1113569438457489,1.9518086910247803,0.46431344556503096,70.92726434148425,4.512155946002086,nan
Meeting_room,10,Inst_1_test_IMG_1872,843,1686,208.33030260276794,169152.875,0.14731675386428833,1.964005947113037,0.47549439153112605,70.69114986565651,4.051959216294669,0.0034553850574712275
Meeting_room,11,Inst_1_test_IMG_1873,1540,3080,80.62955638980866,158359.46875,0.12720376253128052,1.9776192903518677,0.5093614081683788,68.32049731004547,3.1473087030260407,-0.014511508064516176
Meeting_room,12,Inst_1_test_IMG_1874,1263,2526,128.60028339409828,171946.6875,0.14319364726543427,1.9816862344741821,0.5068627924960756,67.67470829720138,2.7210915258753743,0.014399026515151458
Meeting_room,13,Inst_1_test_IMG_1875,701,1402,228.9386451892853,225620.046875,0.25213223695755005,2.0,0.43267662422717357,72.23290367958266,2.2468222309562322,-0.007329169354838738
Meeting_room,14,Inst_1_test_IMG_1876,862,1724,195.23972326231004,195517.15625,0.18030333518981934,2.0,0.4317057299237607,69.60551259444135,2.045559055908998,nan
Meeting_room,15,Inst_1_test_IMG_1877,992,1984,170.94121533310414,196985.53125,0.18961389362812042,1.9912109375,0.43607945094271006,68.9838892654004,1.5470155383563888,-0.01092908870967757
Meeting_room,16,Inst_1_test_IMG_1878,895,1790,192.2403305747509,189359.40625,0.16148850321769714,1.8947019577026367,0.387209186111258,72.52051798855125,1.6236843490190596,-0.03687425
Meeting_room,17,Inst_1_test_IMG_1879,684,1368,180.04238069295883,180182.78125,0.14202634990215302,2.0,0.27982904080196325,76.89156532978518,1.8798666233300099,-0.002725916666666661
Meeting_room,18,Inst_1_test_IMG_1880,841,1682,181.73119871759414,158180.40625,0.09181102365255356,1.8806822299957275,0.2816013915118606,83.89540471796143,2.641006546176803,nan
Meeting_room,19,Inst_1_test_IMG_1881,949,1898,205.78639401721955,167927.703125,0.11399691551923752,1.9533463716506958,0.3170560889000025,83.26038558464671,3.450248060752072,0.026846615384615413
Meeting_room,20,Inst_1_test_IMG_1882,1542,3084,89.00036828279495,183447.21875,0.1505342721939087,1.971441388130188,0.2552192778900929,84.92843704875115,3.9107490000614646,0.02871343999999998
Meeting_room,21,Inst_1_test_IMG_1883,1034,2068,174.67478905534745,182136.65625,0.16353173553943634,1.90329909324646,0.22750719119804322,90.54810111374127,4.591762801614445,-0.02145207142857153
Meeting_room,22,Inst_1_test_IMG_1884,946,1892,160.0906455640793,185721.96875,0.14098291099071503,1.7960114479064941,0.34720829052414803,95.47389839531031,5.003752915777172,0.0005140594405593779
Meeting_room,23,Inst_1_test_IMG_1885,881,1762,180.62724504566194,180949.359375,0.14497166872024536,1.8228859901428223,0.35528937705206853,95.65846139679776,5.271955957433734,0.025676233333333354
Meeting_room,24,Inst_1_test_IMG_1886,1002,2004,166.35861807703972,168593.484375,0.13360564410686493,1.7337677478790283,0.32810545269156033,94.37806402936481,4.968954305137769,0.029382431372549034
Playground,0,Inst_1_test_IMG_E7022,1270,2540,130.23942953491212,187921.765625,0.13702461123466492,2.0,0.399552080037177,93.53615425612209,3.799215100224931,nan
Playground,1,Inst_1_test_IMG_E7024,1064,2128,165.5070095090866,171153.171875,0.09809712320566177,1.9520423412322998,0.3486527805459876,91.41764455854548,3.650499793648095,0.0687072552447553
Playground,2,Inst_1_test_IMG_E7028,1012,2024,180.47479820394517,188279.03125,0.15004974603652954,1.99365234375,0.3494734500003457,89.19433919694404,3.5477950546658765,0.009129556451612897
Playground,3,Inst_1_test_IMG_E7031,1180,2360,139.3377715985775,153260.515625,0.08056355267763138,1.982273817062378,0.38796235235306253,86.47644065841115,3.4347006454516142,nan
Playground,4,Inst_1_test_IMG_E7034,1235,2470,125.34633077061177,145052.5625,0.07551269978284836,1.869349479675293,0.38959302475510554,85.27929818937055,3.4635290248855313,0.008669166666666617
Playground,5,Inst_1_test_IMG_E7036,1142,2284,144.54170161509515,162210.28125,0.09119006991386414,1.959167242050171,0.436143396019978,83.80550955135318,3.431305214738054,-0.030300483870967787
Playground,6,Inst_1_test_IMG_E7038,1215,2430,134.4378736463785,156577.6875,0.07270725816488266,1.8587579727172852,0.4386292263482909,82.9222179986789,3.383854668688294,0.007892083333333244
Playground,7,Inst_1_test_IMG_E7041,1170,2340,137.2177479827404,202505.1875,0.1760542392730713,2.0,0.43453773124934125,82.51305548627151,3.361648603827091,-0.043668593749999984
Playground,8,Inst_1_test_IMG_E7044,1159,2318,146.552567871809,173650.5625,0.09994980692863464,1.9876461029052734,0.43689532492180594,82.4554761621754,3.3443478976512115,-0.07268040322580649
Playground,9,Inst_1_test_IMG_E7047,1113,2226,152.46979505944253,176140.546875,0.10485448688268661,1.832402229309082,0.335988027465622,81.59349788605391,3.3339373081087436,-0.014846033333333397
Playground,10,Inst_1_test_IMG_E7050,1076,2152,158.51091694363953,179342.75,0.1303764432668686,1.8126139640808105,0.2823808975137826,81.90813127006766,3.299311957340045,0.011121428571428504
Playground,11,Inst_1_test_IMG_E7054,1103,2206,159.48639119386672,211951.15625,0.21704398095607758,1.94189453125,0.3568621207516394,83.1042826799861,3.3258201818855233,0.02363536290322582
Playground,12,Inst_1_test_IMG_E7056,1160,2320,141.52774411240222,206470.828125,0.19543874263763428,1.806044340133667,0.34793278106434017,82.8191757016403,3.3467023259817323,nan
Playground,13,Inst_1_test_IMG_E7058,1166,2332,138.9987544387579,200125.875,0.19368290901184082,1.7920697927474976,0.3212535281351996,83.6545568409816,3.421069154388779,-0.03587106321839095
Playground,14,Inst_1_test_IMG_E7062,1051,2102,146.40784179139138,202914.84375,0.19693391025066376,1.7625410556793213,0.26070508388262714,84.93910463102473,3.6080081609485557,-6.375000000008457e-05
Playground,15,Inst_1_test_IMG_E7064,1199,2398,133.82730001401902,179020.59375,0.12328798323869705,1.8900871276855469,0.33025673445672105,87.79902210477935,3.6746999925524313,nan
Playground,16,Inst_1_test_IMG_E7068,983,1966,157.76108844697475,210862.890625,0.21160392463207245,1.7622220516204834,0.3136248984330967,90.42018002049873,3.7881877417555416,0.006624450757575673
Playground,17,Inst_1_test_IMG_E7071,1155,2310,129.97207018065453,214504.28125,0.23848368227481842,1.851362705230713,0.2878424999123255,93.11643535915836,3.919525567935344,0.0045983717105262945
Playground,18,Inst_1_test_IMG_E7073,1105,2210,146.19897195637228,214080.953125,0.2578030228614807,1.9739832878112793,0.28608418324202683,95.22274531319927,4.0039255775770926,-0.040120104166666726
Playground,19,Inst_1_test_IMG_E7074,1199,2398,130.68411933517456,222129.015625,0.26130056381225586,1.8929362297058105,0.3268245054263786,95.14089321124966,4.066876331084334,-0.07051140625000002
Playground,20,Inst_1_test_IMG_E7078,1239,2478,130.64426098251343,193288.40625,0.18070708215236664,1.748291015625,0.3312738570076707,97.79862288925942,4.123920057068492,-0.009925120967742007
Playground,21,Inst_1_test_IMG_E7080,1274,2548,127.07268290305137,187178.546875,0.16354510188102722,1.9709715843200684,0.337582264342143,98.27598246227508,4.110334872840088,0.010002615740740795
Playground,22,Inst_1_test_IMG_E7083,1201,2402,146.47547089576722,148520.71875,0.0891595110297203,1.869837760925293,0.3307036446058047,100.0725180697576,4.0941571281789315,nan
Playground,23,Inst_1_test_IMG_E7088,1232,2464,137.88233717870713,189252.84375,0.15951569378376007,2.0,0.31752139426791426,98.11434293764172,4.045930666723212,nan
Playground,24,Inst_1_test_IMG_E7094,1084,2168,154.5616422662735,179745.46875,0.14106282591819763,1.776874303817749,0.29465576992786,93.72361129891225,3.931241787912095,0.030456250000000074
Porch,0,Inst_1_test_IMG_E6624,1141,2282,107.58702525281906,171938.625,0.1363869458436966,1.8568276166915894,0.5144701975282078,60.83839408652003,3.4584022615947387,-0.1005625403225805
Porch,1,Inst_1_test_IMG_E6627,1126,2252,92.74674780607224,170536.15625,0.1481901854276657,1.7328792810440063,0.6591590980621085,50.284674271418716,3.0571169387352555,0.016585300000000025
Porch,2,Inst_1_test_IMG_E6631,1147,2294,89.32408947825432,153450.484375,0.10250454396009445,1.8031420707702637,0.6432191521645702,50.51891487051031,2.534758502226616,-0.015505178571428524
Porch,3,Inst_1_test_IMG_E6637,1226,2452,38.26373451185226,167386.625,0.11572729051113129,1.79736328125,0.44460739714497877,56.9202810713599,2.2825203615494725,-0.021006411290322546
Porch,4,Inst_1_test_IMG_E6643,1249,2498,63.60833143520355,121667.546875,0.05350791662931442,1.7504336833953857,0.34233552457076083,66.89617150097955,3.9138625343990627,0.028126547619047537
Porch,5,Inst_1_test_IMG_E6648,1216,2432,81.22205852234363,131885.59375,0.06388458609580994,1.843470573425293,0.36643125870645826,72.00621792710926,4.3340759599315515,nan
Porch,6,Inst_1_test_IMG_E6660,1052,2104,131.90668931770324,218782.296875,0.26481372117996216,1.7368628978729248,0.3308302635015863,82.52387250381807,4.520508338658596,-0.05833224137931026
Porch,7,Inst_1_test_IMG_E6667,1835,3670,23.41134729039669,166250.140625,0.10891439020633698,1.7461493015289307,0.4686871301357204,65.9933817386251,3.546976660341938,-0.09869390625000007
Porch,8,Inst_1_test_IMG_E6673,1009,2018,125.73762711691856,170991.0,0.14168664813041687,1.8193645477294922,0.6750327140163453,52.248295613179494,3.0364014756848934,nan
Porch,9,Inst_1_test_IMG_E6674,1085,2170,115.75743591880799,164273.21875,0.13263224065303802,1.6537902355194092,0.71533204674378,51.802232874787556,2.913740445936944,0.029958220000000035
Porch,10,Inst_1_test_IMG_E6675,1586,3172,50.82621502327919,169837.78125,0.13839863240718842,1.7156105041503906,0.7069775719168191,49.227574253214584,2.6345463822915534,0.008453489583333362
Porch,11,Inst_1_test_IMG_E6676,2273,4000,-0.008957930088043213,183421.359375,0.16303925216197968,1.9742083549499512,0.7219106563320703,48.69229022625466,2.5746067454985453,-0.040704010416666714
Porch,12,Inst_1_test_IMG_E6677,1147,2294,86.80104636025429,173765.3125,0.15331487357616425,1.938094139099121,0.5971477547148956,54.687637344812096,2.6826284384401453,nan
Porch,13,Inst_1_test_IMG_E6678,955,1910,162.1582748427391,161342.171875,0.12020675837993622,1.9536828994750977,0.47281734351554944,58.573296404790085,2.963350061686406,-0.05023567708333332
Porch,14,Inst_1_test_IMG_E6679,1651,3302,46.840909781217576,166686.28125,0.11511564999818802,1.8322217464447021,0.6040513969057008,52.77053955102371,2.6204169959478874,0.03437623355263175
Porch,15,Inst_1_test_IMG_E6680,1160,2320,91.32104033517838,167842.703125,0.13397397100925446,1.81827712059021,0.7207604356286585,49.02025140514215,2.6408442712351707,0.014254145299145482
Porch,16,Inst_1_test_IMG_E6681,1273,2546,77.60985683786869,158542.15625,0.09362868964672089,1.8918544054031372,0.5609279131115931,51.198353828651896,2.251269142790623,-0.032310937500000025
Porch,17,Inst_1_test_IMG_E6682,1290,2580,47.16333553147316,184987.78125,0.13623668253421783,1.95556640625,0.42440209366448284,54.22409817694324,2.0678333392942916,-0.006048177083333384
Porch,18,Inst_1_test_IMG_E6683,1307,2614,38.58118573236465,154109.53125,0.1015481948852539,1.6690785884857178,0.440549834298112,56.50647786094251,2.3640745419835234,-0.007246900000000056
Porch,19,Inst_1_test_IMG_E6684,1265,2530,46.639070703268054,140514.0,0.07298671454191208,1.7769559621810913,0.4001337997349307,60.641500120351225,2.9787479789829776,0.047977960526315755
Porch,20,Inst_1_test_IMG_E6685,1243,2486,70.79197077012063,135070.828125,0.06354164332151413,1.8379600048065186,0.3663246350030352,68.07495365611175,3.739108572583102,-0.006189274193548533
Porch,21,Inst_1_test_IMG_E6686,1242,2484,72.32169634532929,128843.46875,0.05268768221139908,1.8343019485473633,0.3779824519791972,71.03502096260569,4.246763844022515,-0.004424322916666612
Porch,22,Inst_1_test_IMG_E6687,1072,2144,90.44531880927086,142250.96875,0.064596988260746,1.8353075981140137,0.3534109744524628,75.36197139725039,4.505625127499815,-0.015237135416666714
Porch,23,Inst_1_test_IMG_E6688,1117,2234,89.74368521651625,137130.640625,0.061209987848997116,1.7747950553894043,0.33904892578251583,76.60667168842882,4.46277679552046,0.00912979166666672
Porch,24,Inst_1_test_IMG_E6689,1274,2548,80.96763479948044,146873.1875,0.0951790064573288,1.7148466110229492,0.34915965038046554,78.18547752447118,4.351556736738537,0.028526062091503324
Pots,0,Inst_1_test_IMG_E2658,1006,2012,391.6854519457817,197833.734375,0.17182593047618866,1.963087797164917,0.793036474269097,18.333276008992943,1.6134621439809598,nan
Pots,1,Inst_1_test_IMG_E2660,503,1006,-11790.929198085309,265737.875,0.38830193877220154,1.8894062042236328,0.5842064690245236,23.072991393558326,1.6864809946178574,-0.003275000000000139
Pots,2,Inst_1_test_IMG_E2662,613,1226,1377.8767385063172,222927.671875,0.20713144540786743,2.0,0.6809805217656498,18.291631691672283,4.666351973793101,-0.014608177083333396
Pots,3,Inst_1_test_IMG_E2664,1018,2036,3670.92483227396,230420.53125,0.22144049406051636,1.9833984375,0.49933030637667747,25.69747696429441,2.179396781921785,-0.023721774193548373
Pots,4,Inst_1_test_IMG_E2667,773,1546,1913.268730178833,206029.03125,0.1712380051612854,1.940082311630249,0.803470974368376,19.972102569622937,3.179182146893202,0.011010833333333525
Pots,5,Inst_1_test_IMG_E2669,869,1738,91.86605332922936,210720.859375,0.1837211400270462,1.9850316047668457,0.7877055958085564,18.58677885611284,1.845080029355153,-0.021766770833333338
Pots,6,Inst_1_test_IMG_E2673,860,1720,-1053.5118981986045,221058.09375,0.24431972205638885,1.9188579320907593,0.4857758001331622,26.144613966230732,4.8793124368046135,0.0053509965034964635
Pots,7,Inst_1_test_IMG_E2675,955,1910,59.688014508724216,202965.015625,0.15704084932804108,1.8582804203033447,0.4930724715207602,34.12402109988039,4.3264213356457,-0.0015193390804598694
Pots,8,Inst_1_test_IMG_E2679,749,1498,444.4615452823639,203518.234375,0.19254706799983978,1.9085471630096436,0.5132266556770582,31.431888845696694,1.7042080861204254,-0.010001491935484053
Pots,9,Inst_1_test_IMG_E2682,1092,2184,-6.940418452978134,202786.765625,0.18211722373962402,1.8175468444824219,0.4576267723207904,33.53462309176691,5.907361132606908,-0.022934895833333302
Pots,10,Inst_1_test_IMG_E2685,809,1618,4301.695870354891,198438.453125,0.178374782204628,1.99658203125,0.7504370028001978,18.901069318649807,3.6591750246346693,0.002922083333333214
Pots,11,Inst_1_test_IMG_E2688,772,1544,6755.58866281271,177828.5,0.10344404727220535,1.756431221961975,0.4320002682884953,28.549032168488395,4.356873563297405,0.024116306818181776
Pots,12,Inst_1_test_IMG_E2691,725,1450,219.34662540841103,182786.84375,0.11446891725063324,1.885976791381836,0.5032121738824099,24.063075578709533,5.527479367531444,-0.01911221774193561
Pots,13,Inst_1_test_IMG_E2693,791,1582,560.1376616771221,212153.859375,0.16403374075889587,1.96826171875,0.2178616740081526,25.008678813387025,3.792109764211939,0.00865416666666663
Pots,14,Inst_1_test_IMG_E2696,972,1944,-1332.0425355772973,195927.71875,0.16905151307582855,1.8363986015319824,0.5958247749297956,31.791710323622812,3.95387208584662,0.005283267973856254
Pots,15,Inst_1_test_IMG_E2698,769,1538,434.9410506782532,222459.484375,0.21001775562763214,1.9956285953521729,0.5227409733628158,30.721476602754574,5.023210616815128,-0.0014076000000000644
Pots,16,Inst_1_test_IMG_E2700,934,1868,243.02994715976715,201731.171875,0.18282771110534668,1.997284173965454,0.6226176399722028,30.472993145781615,1.9030171550948156,0.017152135416666603
Pots,17,Inst_1_test_IMG_E2703,964,1928,316.64390954446793,184175.765625,0.1341598629951477,1.9402759075164795,0.8127185586620772,18.62630423791434,1.7819162556303831,nan
Pots,18,Inst_1_test_IMG_E2705,1043,2086,558.3819342591763,176058.8125,0.11206216365098953,2.0,0.7987914355901928,21.575252950294594,3.402162171161409,nan
Pots,19,Inst_1_test_IMG_E2708,1116,2232,-146.05840605950357,177873.8125,0.11450976878404617,1.91386079788208,0.7030473786584458,19.59376103654358,2.731706645282064,nan
Pots,20,Inst_1_test_IMG_E2711,1052,2104,448.10171317458156,191685.5625,0.16395381093025208,1.9919559955596924,0.7284184740882302,18.78494941649546,1.54058166843864,-0.008190806451612964
Pots,21,Inst_1_test_IMG_E2714,1328,2656,242.08419736623765,206528.921875,0.18609413504600525,1.8445165157318115,0.49984986124455644,27.786544480239186,5.716611020857742,0.004468750000000132
Pots,22,Inst_1_test_IMG_E2715,871,1742,-95.46041567122937,170015.625,0.112186498939991,1.7441632747650146,0.4938934865507083,37.73831912086594,4.874360970345769,-0.005183633333333382
Pots,23,Inst_1_test_IMG_E2716,795,1590,360.9248216955662,162359.125,0.0987975150346756,1.909275770187378,0.5135501633365591,27.746280166536774,4.613215775925614,nan
Pots,24,Inst_1_test_IMG_E2718,724,1448,614.8004761619568,157329.109375,0.08682771027088165,1.9237451553344727,0.7236844843573833,23.74066688218962,3.385028500047133,nan
Printing_area,0,Inst_1_test_IMG_2192,969,1938,349.06830515289306,222671.890625,0.2755294442176819,1.82666015625,0.17434296624163687,42.37860667783601,8.431608927894684,nan
Printing_area,1,Inst_1_test_IMG_2197,1120,2240,425.29982243967055,125545.296875,0.06780499964952469,1.7942185401916504,0.33290215988032507,38.70371741069124,4.907951255090228,nan
Printing_area,2,Inst_1_test_IMG_2199,1141,2282,-249.34095327925684,144707.875,0.07672832161188126,2.0,0.36374778073442293,20.05487808729226,4.056653651851303,0.026558388888889062
Printing_area,3,Inst_1_test_IMG_2200,988,1976,-44636.443078532015,135294.109375,0.09064170718193054,1.92919921875,0.5736749998673116,18.25163914289856,3.080749727690718,-0.014225133928571276
Printing_area,4,Inst_1_test_IMG_2201,1169,2338,595.0643845216036,122474.7578125,0.09097064286470413,1.8172603845596313,0.6747659832850408,18.952775741623757,1.8189257427532455,nan
Printing_area,5,Inst_1_test_IMG_2202,1204,2408,90.30832044649124,155196.4375,0.14298661053180695,1.8867905139923096,0.799749793480928,16.922272677456824,0.925287322108589,nan
Printing_area,6,Inst_1_test_IMG_2203,1133,2266,-5175.9929428681135,134952.75,0.0846613347530365,1.7980732917785645,0.4657018729719534,23.138850073855576,0.6965858180493089,nan
Printing_area,7,Inst_1_test_IMG_2205,1025,2050,655.3162944082916,163536.984375,0.1582769900560379,1.7821331024169922,0.7004701460122227,22.333621562161824,0.932620210480912,-0.041913483333333224
Printing_area,8,Inst_1_test_IMG_2206,974,1948,-307.46288943624495,160134.6875,0.11609417200088501,1.8959498405456543,0.5269522215508867,24.246227768096954,1.194733772025102,0.03950008035714292
Printing_area,9,Inst_1_test_IMG_2207,1213,2426,541.878720228672,169938.515625,0.1766117960214615,1.8839726448059082,0.3203398827267686,32.340656148066124,1.6876171211079736,nan
Printing_area,10,Inst_1_test_IMG_2208,1130,2260,316.96803384757044,193260.78125,0.20055778324604034,1.907111644744873,0.7443599950157893,17.17999633767429,1.971974792715524,-0.007305766666666713
Printing_area,11,Inst_1_test_IMG_2210,1056,2112,2432.075250461787,167452.625,0.16144388914108276,1.8697242736816406,0.7430495856836515,16.79187813899905,1.908442861612075,-0.0029376833333332186
Printing_area,12,Inst_1_test_IMG_2211,1058,2116,-28.48158366584778,171498.796875,0.15284250676631927,1.8250869512557983,0.7100350893722734,20.907020633355064,3.0590010204276026,-0.00020988333333316067
Printing_area,13,Inst_1_test_IMG_2215,977,1954,-98.32311783933639,181495.46875,0.1652756780385971,1.833458662033081,0.5348423838529217,20.353617299421128,3.7691162611658298,0.05632297727272717
Printing_area,14,Inst_1_test_IMG_2216,1009,2018,50.34852683591843,159743.859375,0.1264679729938507,1.7429888248443604,0.7277924534415529,16.50471817431432,2.269274780138587,-0.0002437538461538269
Printing_area,15,Inst_1_test_IMG_2217,1146,2292,75.91760123977065,168800.1875,0.15125730633735657,1.8441312313079834,0.696326996075135,18.870833240139767,1.399967941379319,nan
Printing_area,16,Inst_1_test_IMG_2218,1307,2614,171.67332824921607,140114.0625,0.10898350924253464,1.9482216835021973,0.5004238434579809,18.279982947482484,2.245403610511781,nan
Printing_area,17,Inst_1_test_IMG_2220,978,1956,448.93145528900624,132452.953125,0.09293202310800552,1.8623673915863037,0.5815417494525299,18.99537198685067,3.894523186458028,nan
Printing_area,18,Inst_1_test_IMG_2221,1266,2532,288.7104792137146,121896.8671875,0.08115848898887634,1.8996597528457642,0.5505495988093233,23.041326541035335,4.089561263966689,-0.0174145394736841
Printing_area,19,Inst_1_test_IMG_2225,1601,3202,61.645010467529296,168925.0,0.16161885857582092,1.7956104278564453,0.5995483988451065,26.249403737087523,0.9420921981316915,-0.059894116666666664
Printing_area,20,Inst_1_test_IMG_2228,2038,4000,-0.01115754747390747,193442.703125,0.21733713150024414,1.7221980094909668,0.45844079059918735,27.380827734809873,3.0383541685016984,0.02812019999999993
Printing_area,21,Inst_1_test_IMG_2229,1143,2286,841.712239057064,214445.96875,0.2561378479003906,1.8940407037734985,0.678521049660671,22.520912575270046,3.6167892389500818,nan
Printing_area,22,Inst_1_test_IMG_2230,1604,3208,-123.34350940859318,216851.4375,0.23764382302761078,1.9397977590560913,0.38862747676445475,29.42686789395657,4.59185753624361,nan
Printing_area,23,Inst_1_test_IMG_2231,1164,2328,-9722.89193607998,205916.6875,0.22016111016273499,1.7798633575439453,0.49468110943294785,28.715336148568145,3.656893525219353,0.047892774509804004
Printing_area,24,Inst_1_test_IMG_2232,1195,2390,253.35703168582916,178102.28125,0.16322855651378632,1.8218626976013184,0.5835069688410521,18.436281107261326,2.6786859516800385,nan
Zen,0,Inst_1_test_IMG_E2784,1139,2278,-180.7621024507284,127159.8203125,0.0674624815583229,1.9273149967193604,0.7278082834518714,23.429999517896476,2.0453116834462657,0.036720379999999886
Zen,1,Inst_1_test_IMG_E2787,1118,2236,250.7097392835617,149761.5,0.08401105552911758,1.9774847030639648,0.6718047327188146,21.238389129915017,2.341042169210698,nan
Zen,2,Inst_1_test_IMG_E2790,1163,2326,267.16975978565216,155281.84375,0.09161830693483353,1.9274709224700928,0.6071117952795576,24.940283858200107,4.272322718948016,0.05963722368421054
Zen,3,Inst_1_test_IMG_E2792,1162,2324,195.18878400611877,238993.453125,0.3375653326511383,1.8572660684585571,0.3449314845305428,34.309955038362865,5.498253738851579,-0.10895965625000009
Zen,4,Inst_1_test_IMG_E2794,1708,3416,71.5631047539711,374266.59375,0.6442937254905701,1.9228657484054565,0.25987744903446003,31.181112281451878,6.880096291708717,-0.10237272916666673
Zen,5,Inst_1_test_IMG_E2799,1240,2480,86.16734305906296,152111.703125,0.07131864875555038,1.9722915887832642,0.7019753618808533,26.643583668534195,5.0111065715833,0.06355169791666676
Zen,6,Inst_1_test_IMG_E2802,936,1872,-164.9903135008812,175389.78125,0.145675927400589,1.9477314949035645,0.537493556449506,40.751254494297875,8.555984338434678,-0.07964132291666676
Zen,7,Inst_1_test_IMG_E2805,1016,2032,-630.0665253875255,216529.5625,0.2161734700202942,1.8541430234909058,0.44251009579322303,38.27255904147378,7.519344756039699,0.016220799999999924
Zen,8,Inst_1_test_IMG_E2807,637,1274,1957.3331799972057,176132.0,0.13216063380241394,1.8008112907409668,0.6455572254480578,27.09189570947863,5.023771133084002,-0.09821793749999996
Zen,9,Inst_1_test_IMG_E2811,960,1920,493.42845896148685,155875.296875,0.09413506090641022,1.949143886566162,0.6515488579288572,26.65978707308824,1.983894484242001,-0.0252787000000001
Zen,10,Inst_1_test_IMG_E2813,871,1742,285.70930419373514,165930.875,0.11493343859910965,1.8274695873260498,0.5648978899283167,33.28840755377575,3.7317707844366983,-0.010707578703703757
Zen,11,Inst_1_test_IMG_E2815,830,1660,-4556.100067645907,144711.328125,0.054116394370794296,1.8775668144226074,0.5854637885546149,23.794672738560678,3.7022298733901144,nan
Zen,12,Inst_1_test_IMG_E2818,811,1622,467.5255365190506,183444.125,0.16460053622722626,1.8323405981063843,0.453667082395628,28.44474592572054,5.0863332754836685,0.04990688709677421
Zen,13,Inst_1_test_IMG_E2821,1195,2390,301.12911447668074,326225.40625,0.5429468750953674,1.8192534446716309,0.1279667322706669,21.32995732660734,6.348312147753388,-0.09557230645161285
Zen,14,Inst_1_test_IMG_E2824,1143,2286,246.86331644964218,180471.046875,0.1806219071149826,1.9347403049468994,0.5126602745297336,22.690906763525437,5.049484197472142,-0.05939754838709688
Zen,15,Inst_1_test_IMG_E2826,1069,2138,249.99259451699257,140167.75,0.07829537987709045,1.8624053001403809,0.7230246801605504,20.735493885783043,2.08282067205225,0.06178743939393949
Zen,16,Inst_1_test_IMG_E2829,1118,2236,-48.807147697448734,145996.9375,0.08463623374700546,1.9337968826293945,0.7237822228888052,30.482160279238627,4.5269251084841065,0.01214247202797214
Zen,17,Inst_1_test_IMG_E2830,786,1572,-13.896183831214906,177309.90625,0.13244561851024628,1.9583441019058228,0.656380679914603,37.62675945703484,6.634158569424748,nan
Zen,18,Inst_1_test_IMG_E2832,1113,2226,1209.1595079629421,144867.4375,0.10715163499116898,1.9524788856506348,0.6163501458970082,26.95816496162044,5.25513100335981,nan
Zen,19,Inst_1_test_IMG_E2834,1104,2208,287.72290205574035,115083.8359375,0.0641566812992096,1.9320085048675537,0.7565504667736365,21.167101448697554,1.533505749223692,nan
Zen,20,Inst_1_test_IMG_E2837,1083,2166,477.88983867692946,121578.21875,0.0558423176407814,1.8207745552062988,0.7775882945806948,21.16793455925814,2.230294167417678,0.051117633333333246
Zen,21,Inst_1_test_IMG_E2840,1105,2210,-18.591209236621857,127358.8125,0.07159650325775146,1.9578163623809814,0.7208868512049866,32.44300429560392,3.803904432462762,-0.036753800000000114
Zen,22,Inst_1_test_IMG_E2842,1221,2442,340.7613071782589,123802.203125,0.07521756738424301,1.9521484375,0.7509768570485619,21.460409001419475,2.232438216736284,0.004748266666666612
Zen,23,Inst_1_test_IMG_E2845,1030,2060,402.2147759101391,139238.640625,0.06550856679677963,1.9864012002944946,0.748787430200379,21.8179610186403,1.4754374354510646,0.031755374999999975
Zen,24,Inst_1_test_IMG_E2847,1072,2144,236.99767897033692,193895.171875,0.22184284031391144,1.8679828643798828,0.3602361175920915,39.342583039055995,4.086450908292363,-0.028309678160919505
