scene,method,seed,combo,greedy_order,miou_replay,f1_replay,first_frame_id,frame0_selected,frame0_global_rank,selection_seconds,replay_seconds,gctx_hash,gctx_build_seconds,manifest_path
Garden,kf_glu_dir,0,2-11-12-13-23,12-23-11-2-13,0.472507,0.637271,12,False,0.2916666666666667,44.1,31.0,b45d99852e224c44,29.0,outputs/change_nbv/keyframe/Garden/kf_glu_dir/ts0_20260720_142629/selection_manifest.json
Cantina,uniform,0,0-5-10-15-20,0-5-10-15-20,0.460296,0.620191,0,True,,0,38.9,,,
Cantina,dopt_seq_dir,0,0-3-5-10-22,0-22-5-10-3,0.415226,0.578126,0,True,,35.9,37.0,,,
Cantina,uniform,0,1-6-11-16-21,1-6-11-16-21,0.347043,0.504737,1,False,,0,68.4,,,
Cantina,kf_l_dir_gseed,0,9-10-16-17-22,9-16-17-10-22,0.517126,0.671522,9,False,0.9166666666666666,38.6,70.0,e33e4b33a1e4e381,32.4,outputs/change_nbv/keyframe/Cantina/kf_l_dir_gseed/ts0_20260720_143150/selection_manifest.json
Cantina,kf_g_dir,0,0-9-10-15-17,9-0-17-15-10,0.521299,0.671846,9,True,0.9166666666666666,37.9,81.8,e33e4b33a1e4e381,32.4,outputs/change_nbv/keyframe/Cantina/kf_g_dir/ts0_20260720_143150/selection_manifest.json
Cantina,kf_gl_dir,0,0-8-9-20-24,9-24-0-8-20,0.511268,0.662884,9,True,0.9166666666666666,44.3,86.1,e33e4b33a1e4e381,32.4,outputs/change_nbv/keyframe/Cantina/kf_gl_dir/ts0_20260720_143150/selection_manifest.json
Cantina,kf_gu_dir,0,0-9-11-15-17,9-17-0-15-11,0.496757,0.651550,9,True,0.9166666666666666,43.4,87.6,e33e4b33a1e4e381,32.4,outputs/change_nbv/keyframe/Cantina/kf_gu_dir/ts0_20260720_143150/selection_manifest.json
Cantina,kf_glu_nodir,0,4-5-6-15-21,4-15-5-21-6,0.408211,0.562737,4,False,0.375,46.5,87.5,e33e4b33a1e4e381,32.4,outputs/change_nbv/keyframe/Cantina/kf_glu_nodir/ts0_20260720_143150/selection_manifest.json
Cantina,kf_glu_dir,0,0-9-10-15-24,9-24-0-15-10,0.517339,0.668470,9,True,0.9166666666666666,49.0,85.2,e33e4b33a1e4e381,32.4,outputs/change_nbv/keyframe/Cantina/kf_glu_dir/ts0_20260720_143150/selection_manifest.json
Cantina,uniform,1,0-5-10-15-20,0-5-10-15-20,0.462467,0.622223,0,True,,0,62.1,,,
Cantina,uniform,0,2-7-12-17-22,2-7-12-17-22,0.441179,0.604657,2,False,,0,44.6,,,
Cantina,uniform,1,1-6-11-16-21,1-6-11-16-21,0.347437,0.504987,1,False,,0,36.7,,,
Cantina,dopt_seq_dir,1,0-3-5-10-22,0-22-5-10-3,0.414119,0.576825,0,True,,40.3,37.5,,,
Cantina,uniform,0,3-8-13-18-23,3-8-13-18-23,0.474503,0.634352,3,False,,0,36.7,,,
Cantina,kf_g_dir,1,0-9-10-15-17,9-0-17-15-10,0.519105,0.669707,9,True,0.9166666666666666,40.0,36.6,75adf5b8668f916f,33.9,outputs/change_nbv/keyframe/Cantina/kf_g_dir/ts1_20260720_143351/selection_manifest.json
Cantina,kf_l_dir_gseed,1,9-10-16-17-22,9-16-17-10-22,0.520991,0.674992,9,False,0.9166666666666666,37.4,37.3,75adf5b8668f916f,33.9,outputs/change_nbv/keyframe/Cantina/kf_l_dir_gseed/ts1_20260720_143400/selection_manifest.json
Cantina,uniform,1,2-7-12-17-22,2-7-12-17-22,0.444350,0.607911,2,False,,0,38.3,,,
Cantina,kf_gu_dir,1,0-9-10-15-17,9-17-10-0-15,0.519111,0.669711,9,True,0.9166666666666666,42.0,38.6,75adf5b8668f916f,33.9,outputs/change_nbv/keyframe/Cantina/kf_gu_dir/ts1_20260720_143400/selection_manifest.json
Cantina,kf_gl_dir,1,0-8-9-20-24,9-24-0-8-20,0.512328,0.663343,9,True,0.9166666666666666,42.5,38.2,75adf5b8668f916f,33.9,outputs/change_nbv/keyframe/Cantina/kf_gl_dir/ts1_20260720_143403/selection_manifest.json
Cantina,kf_glu_dir,1,0-9-10-15-24,9-24-0-15-10,0.516351,0.667387,9,True,0.9166666666666666,48.2,38.2,75adf5b8668f916f,33.9,outputs/change_nbv/keyframe/Cantina/kf_glu_dir/ts1_20260720_143403/selection_manifest.json
Cantina,uniform,0,4-9-14-19-24,4-9-14-19-24,0.467841,0.623906,4,False,,0,37.8,,,
Cantina,uniform,2,0-5-10-15-20,0-5-10-15-20,0.454891,0.615432,0,True,,0,38.6,,,
Cantina,uniform,1,3-8-13-18-23,3-8-13-18-23,0.472007,0.632057,3,False,,0,38.1,,,
Cantina,kf_glu_nodir,1,4-5-10-15-21,10-4-15-5-21,0.428026,0.580424,10,False,0.20833333333333334,47.4,38.0,75adf5b8668f916f,33.9,outputs/change_nbv/keyframe/Cantina/kf_glu_nodir/ts1_20260720_143456/selection_manifest.json
Cantina,uniform,2,1-6-11-16-21,1-6-11-16-21,0.346322,0.504037,1,False,,0,37.8,,,
Cantina,dopt_seq_dir,2,0-3-5-10-22,0-22-5-10-3,0.420384,0.583145,0,True,,35.2,37.3,,,
Cantina,uniform,1,4-9-14-19-24,4-9-14-19-24,0.469917,0.625983,4,False,,0,37.4,,,
Cantina,kf_g_dir,2,0-9-10-15-17,9-0-17-15-10,0.521971,0.672286,9,True,0.9166666666666666,37.5,37.7,be14f1124bb64bc4,32.8,outputs/change_nbv/keyframe/Cantina/kf_g_dir/ts2_20260720_143521/selection_manifest.json
Cantina,kf_l_dir_gseed,2,9-10-16-17-22,9-16-17-10-22,0.515543,0.670035,9,False,0.9166666666666666,37.9,38.0,be14f1124bb64bc4,32.8,outputs/change_nbv/keyframe/Cantina/kf_l_dir_gseed/ts2_20260720_143524/selection_manifest.json
Cantina,kf_gu_dir,2,0-9-11-15-17,9-17-0-15-11,0.499994,0.654351,9,True,0.9166666666666666,42.1,38.7,be14f1124bb64bc4,32.8,outputs/change_nbv/keyframe/Cantina/kf_gu_dir/ts2_20260720_143529/selection_manifest.json
Cantina,kf_gl_dir,2,0-8-9-15-24,9-24-0-8-15,0.512447,0.664021,9,True,0.9166666666666666,43.1,38.9,be14f1124bb64bc4,32.8,outputs/change_nbv/keyframe/Cantina/kf_gl_dir/ts2_20260720_143535/selection_manifest.json
Cantina,uniform,2,2-7-12-17-22,2-7-12-17-22,0.436566,0.600146,2,False,,0,38.1,,,
Porch,uniform,0,0-5-10-15-20,0-5-10-15-20,0.494815,0.654329,0,True,,0,35.5,,,
Cantina,uniform,2,3-8-13-18-23,3-8-13-18-23,0.471347,0.631363,3,False,,0,37.5,,,
Porch,dopt_seq_dir,0,0-6-7-17-19,0-19-6-17-7,0.448664,0.607893,0,True,,34.2,61.0,,,
Porch,uniform,0,1-6-11-16-21,1-6-11-16-21,0.556590,0.692263,1,False,,0,65.7,,,
Cantina,kf_glu_dir,2,0-9-10-15-24,9-24-0-15-10,0.517402,0.668457,9,True,0.9166666666666666,49.7,74.7,be14f1124bb64bc4,32.8,outputs/change_nbv/keyframe/Cantina/kf_glu_dir/ts2_20260720_143621/selection_manifest.json
Cantina,kf_glu_nodir,2,3-4-5-6-15,4-6-5-15-3,0.447986,0.612984,4,False,0.25,46.0,74.3,be14f1124bb64bc4,32.8,outputs/change_nbv/keyframe/Cantina/kf_glu_nodir/ts2_20260720_143627/selection_manifest.json
Porch,kf_g_dir,0,0-4-6-12-22,6-0-22-4-12,0.471374,0.630881,6,True,0.7916666666666666,39.2,73.5,d16746bae4774cf6,33.2,outputs/change_nbv/keyframe/Porch/kf_g_dir/ts0_20260720_143638/selection_manifest.json
Porch,kf_l_dir_gseed,0,1-2-6-7-17,6-2-1-7-17,0.573479,0.707993,6,False,0.7916666666666666,39.8,70.0,d16746bae4774cf6,33.2,outputs/change_nbv/keyframe/Porch/kf_l_dir_gseed/ts0_20260720_143649/selection_manifest.json
Porch,kf_gu_dir,0,0-3-6-12-24,6-0-3-24-12,0.470938,0.629682,6,True,0.7916666666666666,44.8,60.3,d16746bae4774cf6,33.2,outputs/change_nbv/keyframe/Porch/kf_gu_dir/ts0_20260720_143656/selection_manifest.json
Cantina,uniform,2,4-9-14-19-24,4-9-14-19-24,0.466491,0.621960,4,False,,0,65.6,,,
Porch,uniform,0,2-7-12-17-22,2-7-12-17-22,0.484938,0.634714,2,False,,0,41.4,,,
Porch,uniform,1,0-5-10-15-20,0-5-10-15-20,0.491663,0.650095,0,True,,0,36.5,,,
Porch,uniform,0,3-8-13-18-23,3-8-13-18-23,0.506870,0.652988,3,False,,0,36.4,,,
Porch,kf_gl_dir,0,0-6-7-16-20,6-0-20-7-16,0.439182,0.598419,6,True,0.7916666666666666,53.7,36.7,d16746bae4774cf6,33.2,outputs/change_nbv/keyframe/Porch/kf_gl_dir/ts0_20260720_143817/selection_manifest.json
Porch,uniform,1,1-6-11-16-21,1-6-11-16-21,0.551699,0.686967,1,False,,0,35.7,,,
Porch,dopt_seq_dir,1,0-6-7-17-19,0-19-6-17-7,0.440964,0.599601,0,True,,33.6,38.6,,,
Porch,kf_glu_nodir,0,0-1-3-7-18,7-0-18-3-1,0.494965,0.652667,7,True,0.9583333333333334,48.8,38.3,d16746bae4774cf6,33.2,outputs/change_nbv/keyframe/Porch/kf_glu_nodir/ts0_20260720_143828/selection_manifest.json
Porch,kf_g_dir,1,0-4-6-12-22,6-22-0-4-12,0.466823,0.625603,6,True,0.75,37.8,36.5,b64f31af37229ac8,31.8,outputs/change_nbv/keyframe/Porch/kf_g_dir/ts1_20260720_143841/selection_manifest.json
Porch,kf_glu_dir,0,0-2-6-18-22,6-0-2-22-18,0.476596,0.632880,6,True,0.7916666666666666,56.7,36.9,d16746bae4774cf6,33.2,outputs/change_nbv/keyframe/Porch/kf_glu_dir/ts0_20260720_143828/selection_manifest.json
Porch,kf_l_dir_gseed,1,6-7-8-16-22,6-16-22-7-8,0.429826,0.585605,6,False,0.75,38.4,38.6,b64f31af37229ac8,31.8,outputs/change_nbv/keyframe/Porch/kf_l_dir_gseed/ts1_20260720_143841/selection_manifest.json
Porch,uniform,0,4-9-14-19-24,4-9-14-19-24,0.620874,0.758520,4,False,,0,37.2,,,
Porch,uniform,1,2-7-12-17-22,2-7-12-17-22,0.483707,0.633786,2,False,,0,36.5,,,
Porch,uniform,2,0-5-10-15-20,0-5-10-15-20,0.495415,0.654817,0,True,,0,34.3,,,
Porch,uniform,1,3-8-13-18-23,3-8-13-18-23,0.495034,0.641909,3,False,,0,36.0,,,
Porch,kf_gu_dir,1,0-3-6-12-22,6-0-3-22-12,0.471263,0.630286,6,True,0.75,47.0,34.8,b64f31af37229ac8,31.8,outputs/change_nbv/keyframe/Porch/kf_gu_dir/ts1_20260720_143943/selection_manifest.json
Porch,uniform,2,1-6-11-16-21,1-6-11-16-21,0.556230,0.692670,1,False,,0,35.9,,,
Porch,dopt_seq_dir,2,0-6-7-17-19,0-19-6-17-7,0.450006,0.608960,0,True,,33.8,36.0,,,
Porch,kf_gl_dir,1,0-6-7-12-20,6-0-20-7-12,0.416455,0.572300,6,True,0.75,47.1,36.9,b64f31af37229ac8,31.8,outputs/change_nbv/keyframe/Porch/kf_gl_dir/ts1_20260720_143952/selection_manifest.json
Porch,kf_glu_nodir,1,0-3-7-13-18,7-0-13-18-3,0.357827,0.517439,7,True,0.9583333333333334,45.8,36.6,b64f31af37229ac8,31.8,outputs/change_nbv/keyframe/Porch/kf_glu_nodir/ts1_20260720_143956/selection_manifest.json
Porch,kf_glu_dir,1,0-2-6-18-22,6-0-2-22-18,0.473905,0.630226,6,True,0.75,51.8,37.1,b64f31af37229ac8,31.8,outputs/change_nbv/keyframe/Porch/kf_glu_dir/ts1_20260720_143953/selection_manifest.json
Porch,kf_g_dir,2,0-4-6-12-22,6-0-22-4-12,0.475762,0.635162,6,True,0.7916666666666666,37.9,36.9,634f476292411263,33.8,outputs/change_nbv/keyframe/Porch/kf_g_dir/ts2_20260720_144009/selection_manifest.json
Porch,uniform,1,4-9-14-19-24,4-9-14-19-24,0.618226,0.756606,4,False,,0,36.7,,,
Porch,uniform,2,2-7-12-17-22,2-7-12-17-22,0.485691,0.635625,2,False,,0,36.8,,,
Meeting_room,uniform,0,0-5-10-15-20,0-5-10-15-20,0.486325,0.647752,0,True,,0,33.0,,,
Porch,kf_l_dir_gseed,2,1-2-6-7-17,6-2-1-7-17,0.573237,0.707674,6,False,0.7916666666666666,40.2,34.5,634f476292411263,33.8,outputs/change_nbv/keyframe/Porch/kf_l_dir_gseed/ts2_20260720_144103/selection_manifest.json
Porch,uniform,2,3-8-13-18-23,3-8-13-18-23,0.504879,0.650783,3,False,,0,35.2,,,
Porch,kf_gu_dir,2,0-3-6-12-24,6-0-3-24-12,0.473906,0.632874,6,True,0.7916666666666666,45.1,35.9,634f476292411263,33.8,outputs/change_nbv/keyframe/Porch/kf_gu_dir/ts2_20260720_144109/selection_manifest.json
Meeting_room,uniform,0,1-6-11-16-21,1-6-11-16-21,0.464626,0.628865,1,False,,0,34.2,,,
Meeting_room,dopt_seq_dir,0,0-3-5-13-16,0-5-13-3-16,0.449992,0.612045,0,True,,30.0,34.1,,,
Porch,kf_gl_dir,2,0-6-7-12-20,6-0-20-7-12,0.431533,0.589069,6,True,0.7916666666666666,46.1,37.8,634f476292411263,33.8,outputs/change_nbv/keyframe/Porch/kf_gl_dir/ts2_20260720_144115/selection_manifest.json
Porch,kf_glu_nodir,2,0-3-7-12-18,7-0-18-3-12,0.433773,0.595436,7,True,0.9583333333333334,46.2,36.1,634f476292411263,33.8,outputs/change_nbv/keyframe/Porch/kf_glu_nodir/ts2_20260720_144122/selection_manifest.json
Porch,kf_glu_dir,2,0-2-6-18-22,6-0-2-22-18,0.486978,0.642144,6,True,0.7916666666666666,51.6,36.6,634f476292411263,33.8,outputs/change_nbv/keyframe/Porch/kf_glu_dir/ts2_20260720_144118/selection_manifest.json
Porch,uniform,2,4-9-14-19-24,4-9-14-19-24,0.621020,0.758531,4,False,,0,36.0,,,
Meeting_room,uniform,0,2-7-12-17-22,2-7-12-17-22,0.538239,0.695970,2,False,,0,34.0,,,
Meeting_room,kf_g_dir,0,0-2-9-21-23,21-9-0-23-2,0.533910,0.693654,21,True,0.75,35.2,32.9,9633c09af72f85c9,29.6,outputs/change_nbv/keyframe/Meeting_room/kf_g_dir/ts0_20260720_144216/selection_manifest.json
Meeting_room,uniform,1,0-5-10-15-20,0-5-10-15-20,0.482363,0.643643,0,True,,0,33.6,,,
Meeting_room,kf_l_dir_gseed,0,3-7-13-16-21,21-3-7-16-13,0.512912,0.671904,21,False,0.75,34.7,33.8,9633c09af72f85c9,29.6,outputs/change_nbv/keyframe/Meeting_room/kf_l_dir_gseed/ts0_20260720_144228/selection_manifest.json
Meeting_room,uniform,0,3-8-13-18-23,3-8-13-18-23,0.525787,0.683738,3,False,,0,33.7,,,
Meeting_room,kf_gu_dir,0,0-1-9-16-21,21-1-9-16-0,0.496435,0.658643,21,True,0.75,37.7,34.8,9633c09af72f85c9,29.6,outputs/change_nbv/keyframe/Meeting_room/kf_gu_dir/ts0_20260720_144234/selection_manifest.json
Meeting_room,kf_gl_dir,0,0-7-12-21-24,21-7-0-12-24,0.535000,0.693778,21,True,0.75,38.5,33.6,9633c09af72f85c9,29.6,outputs/change_nbv/keyframe/Meeting_room/kf_gl_dir/ts0_20260720_144236/selection_manifest.json
Meeting_room,kf_glu_nodir,0,2-3-5-16-21,21-2-16-3-5,0.445301,0.608210,21,False,0.7916666666666666,41.5,35.0,9633c09af72f85c9,29.6,outputs/change_nbv/keyframe/Meeting_room/kf_glu_nodir/ts0_20260720_144244/selection_manifest.json
Meeting_room,kf_glu_dir,0,1-7-16-21-24,21-1-7-24-16,0.495154,0.657352,21,False,0.75,45.7,35.0,9633c09af72f85c9,29.6,outputs/change_nbv/keyframe/Meeting_room/kf_glu_dir/ts0_20260720_144243/selection_manifest.json
Meeting_room,uniform,1,1-6-11-16-21,1-6-11-16-21,0.457623,0.621964,1,False,,0,36.4,,,
Meeting_room,uniform,0,4-9-14-19-24,4-9-14-19-24,0.524548,0.681881,4,False,,0,34.8,,,
Meeting_room,dopt_seq_dir,1,0-3-5-13-16,0-5-13-3-16,0.449699,0.611534,0,True,,31.3,34.9,,,
Meeting_room,uniform,1,2-7-12-17-22,2-7-12-17-22,0.536200,0.694137,2,False,,0,34.0,,,
Meeting_room,kf_g_dir,1,0-2-9-21-23,21-9-0-23-2,0.533330,0.693065,21,True,0.75,33.9,33.1,f8f8dddb0fd88760,28.7,outputs/change_nbv/keyframe/Meeting_room/kf_g_dir/ts1_20260720_144336/selection_manifest.json
Meeting_room,kf_l_dir_gseed,1,3-7-13-16-21,21-3-7-16-13,0.506389,0.666075,21,False,0.75,34.8,34.0,f8f8dddb0fd88760,28.7,outputs/change_nbv/keyframe/Meeting_room/kf_l_dir_gseed/ts1_20260720_144348/selection_manifest.json
Meeting_room,kf_gu_dir,1,1-9-16-21-24,21-1-9-16-24,0.502870,0.664093,21,False,0.75,39.9,33.9,f8f8dddb0fd88760,28.7,outputs/change_nbv/keyframe/Meeting_room/kf_gu_dir/ts1_20260720_144350/selection_manifest.json
Meeting_room,uniform,2,0-5-10-15-20,0-5-10-15-20,0.473421,0.634807,0,True,,0,34.4,,,
Meeting_room,uniform,1,3-8-13-18-23,3-8-13-18-23,0.522824,0.681151,3,False,,0,33.7,,,
Meeting_room,kf_gl_dir,1,0-7-12-21-24,21-0-7-12-24,0.535405,0.694160,21,True,0.75,40.1,34.3,f8f8dddb0fd88760,28.7,outputs/change_nbv/keyframe/Meeting_room/kf_gl_dir/ts1_20260720_144401/selection_manifest.json
Meeting_room,kf_glu_dir,1,0-2-9-21-24,21-2-9-0-24,0.528585,0.688938,21,True,0.75,44.9,34.6,f8f8dddb0fd88760,28.7,outputs/change_nbv/keyframe/Meeting_room/kf_glu_dir/ts1_20260720_144402/selection_manifest.json
Meeting_room,kf_glu_nodir,1,0-2-3-5-16,16-2-3-0-5,0.395535,0.555066,16,True,0.9166666666666666,39.8,35.0,f8f8dddb0fd88760,28.7,outputs/change_nbv/keyframe/Meeting_room/kf_glu_nodir/ts1_20260720_144410/selection_manifest.json
Meeting_room,uniform,2,1-6-11-16-21,1-6-11-16-21,0.462105,0.626510,1,False,,0,34.4,,,
Meeting_room,uniform,1,4-9-14-19-24,4-9-14-19-24,0.524879,0.682319,4,False,,0,33.7,,,
Meeting_room,dopt_seq_dir,2,0-3-5-13-16,0-5-13-3-16,0.453072,0.615195,0,True,,31.1,33.7,,,
Meeting_room,kf_g_dir,2,0-2-9-21-23,21-9-0-23-2,0.531483,0.691597,21,True,0.75,34.8,34.1,a5c65a850d05fef3,43.5,outputs/change_nbv/keyframe/Meeting_room/kf_g_dir/ts2_20260720_144457/selection_manifest.json
Meeting_room,uniform,2,2-7-12-17-22,2-7-12-17-22,0.535812,0.693794,2,False,,0,35.2,,,
Meeting_room,kf_l_dir_gseed,2,3-7-13-16-21,21-3-7-16-13,0.513861,0.672711,21,False,0.75,34.7,36.0,a5c65a850d05fef3,43.5,outputs/change_nbv/keyframe/Meeting_room/kf_l_dir_gseed/ts2_20260720_144503/selection_manifest.json
Zen,uniform,0,0-5-10-15-20,0-5-10-15-20,0.547508,0.702199,0,True,,0,38.0,,,
Meeting_room,kf_gu_dir,2,0-1-9-16-21,21-1-9-16-0,0.482454,0.646018,21,True,0.75,39.9,33.8,a5c65a850d05fef3,43.5,outputs/change_nbv/keyframe/Meeting_room/kf_gu_dir/ts2_20260720_144516/selection_manifest.json
Meeting_room,kf_gl_dir,2,0-7-12-21-24,21-7-0-12-24,0.534127,0.693064,21,True,0.75,40.1,35.1,a5c65a850d05fef3,43.5,outputs/change_nbv/keyframe/Meeting_room/kf_gl_dir/ts2_20260720_144522/selection_manifest.json
Meeting_room,uniform,2,3-8-13-18-23,3-8-13-18-23,0.525908,0.683814,3,False,,0,37.0,,,
Meeting_room,kf_glu_dir,2,0-1-9-16-21,21-1-9-0-16,0.482302,0.645874,21,True,0.75,46.0,37.9,a5c65a850d05fef3,43.5,outputs/change_nbv/keyframe/Meeting_room/kf_glu_dir/ts2_20260720_144526/selection_manifest.json
Meeting_room,kf_glu_nodir,2,2-3-4-5-16,16-3-2-5-4,0.375506,0.531664,16,False,0.875,43.2,34.3,a5c65a850d05fef3,43.5,outputs/change_nbv/keyframe/Meeting_room/kf_glu_nodir/ts2_20260720_144545/selection_manifest.json
Zen,uniform,0,1-6-11-16-21,1-6-11-16-21,0.429934,0.596960,1,False,,0,39.0,,,
Zen,dopt_seq_dir,0,0-7-11-18-21,0-18-7-11-21,0.514861,0.672522,0,True,,36.6,38.2,,,
Meeting_room,uniform,2,4-9-14-19-24,4-9-14-19-24,0.526694,0.683762,4,False,,0,33.8,,,
Zen,kf_g_dir,0,3-4-13-14-17,14-3-17-4-13,0.315343,0.460838,14,False,0.25,42.0,38.8,17a61a11d5c0b080,53.4,outputs/change_nbv/keyframe/Zen/kf_g_dir/ts0_20260720_144617/selection_manifest.json
Zen,uniform,0,2-7-12-17-22,2-7-12-17-22,0.485275,0.648113,2,False,,0,38.3,,,
Zen,kf_l_dir_gseed,0,8-9-14-18-21,14-8-9-18-21,0.477165,0.633129,14,False,0.25,43.4,37.6,17a61a11d5c0b080,53.4,outputs/change_nbv/keyframe/Zen/kf_l_dir_gseed/ts0_20260720_144635/selection_manifest.json
Zen,uniform,1,0-5-10-15-20,0-5-10-15-20,0.546641,0.701375,0,True,,0,37.5,,,
Zen,kf_gu_dir,0,3-4-13-14-17,14-4-17-13-3,0.315351,0.460847,14,False,0.25,49.1,37.8,17a61a11d5c0b080,53.4,outputs/change_nbv/keyframe/Zen/kf_gu_dir/ts0_20260720_144643/selection_manifest.json
Zen,kf_gl_dir,0,3-13-14-17-24,14-3-17-24-13,0.364292,0.514336,14,False,0.25,49.2,37.6,17a61a11d5c0b080,53.4,outputs/change_nbv/keyframe/Zen/kf_gl_dir/ts0_20260720_144655/selection_manifest.json
Zen,uniform,0,3-8-13-18-23,3-8-13-18-23,0.294934,0.425100,3,False,,0,37.7,,,
Zen,kf_glu_dir,0,3-13-14-17-24,14-3-17-13-24,0.364305,0.514349,14,False,0.25,56.4,39.1,17a61a11d5c0b080,53.4,outputs/change_nbv/keyframe/Zen/kf_glu_dir/ts0_20260720_144708/selection_manifest.json
Zen,uniform,1,1-6-11-16-21,1-6-11-16-21,0.431417,0.598424,1,False,,0,38.6,,,
Zen,kf_glu_nodir,0,3-4-6-7-8,4-3-7-6-8,0.283895,0.427215,4,False,0.20833333333333334,49.7,37.7,17a61a11d5c0b080,53.4,outputs/change_nbv/keyframe/Zen/kf_glu_nodir/ts0_20260720_144724/selection_manifest.json
Zen,dopt_seq_dir,1,0-7-11-18-21,0-18-7-11-21,0.517369,0.674692,0,True,,36.1,38.4,,,
Zen,uniform,0,4-9-14-19-24,4-9-14-19-24,0.343259,0.484905,4,False,,0,38.3,,,
Zen,kf_g_dir,1,3-4-13-14-17,14-3-17-4-13,0.315170,0.460066,14,False,0.25,42.0,39.6,d41363d9653a20fc,37.4,outputs/change_nbv/keyframe/Zen/kf_g_dir/ts1_20260720_144755/selection_manifest.json
Zen,uniform,1,2-7-12-17-22,2-7-12-17-22,0.480672,0.643515,2,False,,0,38.1,,,
Zen,kf_l_dir_gseed,1,8-9-14-18-21,14-8-9-18-21,0.473069,0.628644,14,False,0.25,43.8,38.4,d41363d9653a20fc,37.4,outputs/change_nbv/keyframe/Zen/kf_l_dir_gseed/ts1_20260720_144810/selection_manifest.json
Zen,uniform,2,0-5-10-15-20,0-5-10-15-20,0.546180,0.700777,0,True,,0,37.5,,,
Zen,kf_gu_dir,1,3-4-13-14-17,14-4-17-13-3,0.315198,0.460092,14,False,0.25,49.3,38.9,d41363d9653a20fc,37.4,outputs/change_nbv/keyframe/Zen/kf_gu_dir/ts1_20260720_144823/selection_manifest.json
Zen,uniform,1,3-8-13-18-23,3-8-13-18-23,0.291653,0.421267,3,False,,0,37.6,,,
Zen,kf_gl_dir,1,3-13-14-17-24,14-3-17-24-13,0.369714,0.520344,14,False,0.25,50.4,37.6,d41363d9653a20fc,37.4,outputs/change_nbv/keyframe/Zen/kf_gl_dir/ts1_20260720_144843/selection_manifest.json
Zen,uniform,2,1-6-11-16-21,1-6-11-16-21,0.423064,0.589535,1,False,,0,39.1,,,
Zen,kf_glu_nodir,1,3-4-6-7-8,4-3-7-6-8,0.283624,0.427106,4,False,0.16666666666666666,50.5,39.2,d41363d9653a20fc,37.4,outputs/change_nbv/keyframe/Zen/kf_glu_nodir/ts1_20260720_144854/selection_manifest.json
Zen,kf_glu_dir,1,3-13-14-17-24,14-3-17-13-24,0.369708,0.520338,14,False,0.25,56.6,39.2,d41363d9653a20fc,37.4,outputs/change_nbv/keyframe/Zen/kf_glu_dir/ts1_20260720_144852/selection_manifest.json
Zen,dopt_seq_dir,2,0-7-11-18-21,0-18-7-21-11,0.511789,0.668655,0,True,,36.7,38.5,,,
Zen,uniform,1,4-9-14-19-24,4-9-14-19-24,0.348083,0.490626,4,False,,0,38.6,,,
Zen,kf_g_dir,2,3-4-13-14-17,14-3-17-4-13,0.324336,0.470049,14,False,0.25,41.9,39.3,a24c10ba1ffe5cc4,34.4,outputs/change_nbv/keyframe/Zen/kf_g_dir/ts2_20260720_144931/selection_manifest.json
Zen,uniform,2,2-7-12-17-22,2-7-12-17-22,0.478405,0.640999,2,False,,0,38.6,,,
Zen,kf_l_dir_gseed,2,8-9-14-18-21,14-8-9-18-21,0.480693,0.636367,14,False,0.25,43.4,37.4,a24c10ba1ffe5cc4,34.4,outputs/change_nbv/keyframe/Zen/kf_l_dir_gseed/ts2_20260720_144950/selection_manifest.json
Playground,uniform,0,0-5-10-15-20,0-5-10-15-20,0.421551,0.580265,0,True,,0,36.4,,,
Zen,uniform,2,3-8-13-18-23,3-8-13-18-23,0.297355,0.426958,3,False,,0,36.9,,,
Zen,kf_gu_dir,2,3-4-13-14-17,14-4-17-13-3,0.324335,0.470051,14,False,0.25,49.3,38.6,a24c10ba1ffe5cc4,34.4,outputs/change_nbv/keyframe/Zen/kf_gu_dir/ts2_20260720_145012/selection_manifest.json
Zen,kf_gl_dir,2,3-13-14-17-24,14-3-17-24-13,0.357796,0.508389,14,False,0.25,50.6,38.9,a24c10ba1ffe5cc4,34.4,outputs/change_nbv/keyframe/Zen/kf_gl_dir/ts2_20260720_145024/selection_manifest.json
Playground,uniform,0,1-6-11-16-21,1-6-11-16-21,0.424347,0.582393,1,False,,0,38.4,,,
Zen,kf_glu_nodir,2,3-4-6-7-8,4-3-6-7-8,0.280312,0.423051,4,False,0.20833333333333334,49.4,39.0,a24c10ba1ffe5cc4,34.4,outputs/change_nbv/keyframe/Zen/kf_glu_nodir/ts2_20260720_145031/selection_manifest.json
Zen,kf_glu_dir,2,3-13-14-17-24,14-3-17-13-24,0.357802,0.508394,14,False,0.25,55.9,38.7,a24c10ba1ffe5cc4,34.4,outputs/change_nbv/keyframe/Zen/kf_glu_dir/ts2_20260720_145028/selection_manifest.json
Playground,dopt_seq_dir,0,0-1-3-5-23,0-3-23-1-5,0.415083,0.572515,0,True,,34.9,37.5,,,
Zen,uniform,2,4-9-14-19-24,4-9-14-19-24,0.341006,0.481601,4,False,,0,38.7,,,
Playground,kf_g_dir,0,3-8-11-18-23,11-23-8-18-3,0.335226,0.481486,11,False,0.041666666666666664,40.6,37.3,f4c7f24d1cfef28e,33.5,outputs/change_nbv/keyframe/Playground/kf_g_dir/ts0_20260720_145109/selection_manifest.json
Playground,uniform,0,2-7-12-17-22,2-7-12-17-22,0.346689,0.494350,2,False,,0,37.5,,,
Playground,uniform,1,0-5-10-15-20,0-5-10-15-20,0.422306,0.581262,0,True,,0,36.4,,,
Playground,kf_l_dir_gseed,0,2-4-8-11-24,11-2-24-8-4,0.363520,0.511605,11,False,0.041666666666666664,41.4,36.4,f4c7f24d1cfef28e,33.5,outputs/change_nbv/keyframe/Playground/kf_l_dir_gseed/ts0_20260720_145138/selection_manifest.json
Playground,uniform,0,3-8-13-18-23,3-8-13-18-23,0.333614,0.478842,3,False,,0,36.1,,,
Playground,kf_gu_dir,0,8-10-11-18-22,11-22-8-18-10,0.304023,0.451991,11,False,0.041666666666666664,48.6,37.0,f4c7f24d1cfef28e,33.5,outputs/change_nbv/keyframe/Playground/kf_gu_dir/ts0_20260720_145153/selection_manifest.json
Playground,kf_gl_dir,0,5-8-11-18-23,11-23-8-18-5,0.321282,0.473322,11,False,0.041666666666666664,47.4,37.6,f4c7f24d1cfef28e,33.5,outputs/change_nbv/keyframe/Playground/kf_gl_dir/ts0_20260720_145158/selection_manifest.json
Playground,uniform,1,1-6-11-16-21,1-6-11-16-21,0.427937,0.586053,1,False,,0,37.2,,,
Playground,kf_glu_nodir,0,3-4-5-6-24,24-5-4-3-6,0.334862,0.483654,24,False,0.9583333333333334,48.8,39.2,f4c7f24d1cfef28e,33.5,outputs/change_nbv/keyframe/Playground/kf_glu_nodir/ts0_20260720_145205/selection_manifest.json
Playground,kf_glu_dir,0,8-11-15-20-23,11-20-8-23-15,0.307882,0.461620,11,False,0.041666666666666664,54.2,37.8,f4c7f24d1cfef28e,33.5,outputs/change_nbv/keyframe/Playground/kf_glu_dir/ts0_20260720_145201/selection_manifest.json
Playground,dopt_seq_dir,1,0-2-3-23-24,0-3-23-2-24,0.389846,0.541898,0,True,,35.1,37.0,,,
Playground,uniform,0,4-9-14-19-24,4-9-14-19-24,0.372638,0.529680,4,False,,0,38.0,,,
Playground,uniform,1,2-7-12-17-22,2-7-12-17-22,0.350270,0.499178,2,False,,0,37.4,,,
Playground,kf_g_dir,1,2-8-11-15-22,11-22-8-15-2,0.344352,0.491594,11,False,0.041666666666666664,40.8,37.1,196e50de39d24cfb,33.8,outputs/change_nbv/keyframe/Playground/kf_g_dir/ts1_20260720_145255/selection_manifest.json
Playground,uniform,2,0-5-10-15-20,0-5-10-15-20,0.420335,0.579074,0,True,,0,35.3,,,
Playground,kf_l_dir_gseed,1,1-2-6-11-24,11-24-6-2-1,0.413067,0.568934,11,False,0.041666666666666664,42.0,36.7,196e50de39d24cfb,33.8,outputs/change_nbv/keyframe/Playground/kf_l_dir_gseed/ts1_20260720_145318/selection_manifest.json
Playground,uniform,1,3-8-13-18-23,3-8-13-18-23,0.330992,0.475583,3,False,,0,37.4,,,
Playground,kf_gu_dir,1,7-8-11-18-22,11-22-8-18-7,0.261598,0.406570,11,False,0.041666666666666664,46.0,37.1,196e50de39d24cfb,33.8,outputs/change_nbv/keyframe/Playground/kf_gu_dir/ts1_20260720_145324/selection_manifest.json
Playground,uniform,2,1-6-11-16-21,1-6-11-16-21,0.423974,0.581890,1,False,,0,38.2,,,
Playground,kf_gl_dir,1,5-8-11-19-23,11-23-8-19-5,0.319690,0.473231,11,False,0.041666666666666664,47.9,39.1,196e50de39d24cfb,33.8,outputs/change_nbv/keyframe/Playground/kf_gl_dir/ts1_20260720_145331/selection_manifest.json
Playground,kf_glu_dir,1,3-8-11-15-22,11-22-8-15-3,0.327488,0.473821,11,False,0.041666666666666664,53.6,37.5,196e50de39d24cfb,33.8,outputs/change_nbv/keyframe/Playground/kf_glu_dir/ts1_20260720_145332/selection_manifest.json
Playground,kf_glu_nodir,1,1-3-4-5-24,1-24-5-3-4,0.412228,0.568832,1,False,0.9166666666666666,48.4,37.3,196e50de39d24cfb,33.8,outputs/change_nbv/keyframe/Playground/kf_glu_nodir/ts1_20260720_145339/selection_manifest.json
Playground,uniform,1,4-9-14-19-24,4-9-14-19-24,0.375963,0.534323,4,False,,0,38.8,,,
Playground,dopt_seq_dir,2,0-1-3-5-23,0-3-23-1-5,0.416634,0.574495,0,True,,36.6,37.5,,,
Playground,uniform,2,2-7-12-17-22,2-7-12-17-22,0.346398,0.494564,2,False,,0,35.7,,,
Playground,kf_g_dir,2,2-8-11-15-22,11-22-8-15-2,0.340413,0.487039,11,False,0.041666666666666664,41.6,36.5,af3bb8cf6b7e301d,32.8,outputs/change_nbv/keyframe/Playground/kf_g_dir/ts2_20260720_145437/selection_manifest.json
Playground,kf_l_dir_gseed,2,2-4-8-11-24,11-2-24-8-4,0.363480,0.511857,11,False,0.041666666666666664,42.3,35.1,af3bb8cf6b7e301d,32.8,outputs/change_nbv/keyframe/Playground/kf_l_dir_gseed/ts2_20260720_145448/selection_manifest.json
Playground,uniform,2,3-8-13-18-23,3-8-13-18-23,0.332654,0.477538,3,False,,0,34.9,,,
Playground,kf_gu_dir,2,8-10-11-18-22,11-22-8-18-10,0.313745,0.463187,11,False,0.041666666666666664,45.0,35.4,af3bb8cf6b7e301d,32.8,outputs/change_nbv/keyframe/Playground/kf_gu_dir/ts2_20260720_145458/selection_manifest.json
Playground,kf_gl_dir,2,5-8-11-19-23,11-23-8-19-5,0.315509,0.467651,11,False,0.041666666666666664,47.6,34.8,af3bb8cf6b7e301d,32.8,outputs/change_nbv/keyframe/Playground/kf_gl_dir/ts2_20260720_145504/selection_manifest.json
Playground,kf_glu_dir,2,3-8-11-15-22,11-22-8-15-3,0.324112,0.469842,11,False,0.041666666666666664,53.7,33.4,af3bb8cf6b7e301d,32.8,outputs/change_nbv/keyframe/Playground/kf_glu_dir/ts2_20260720_145506/selection_manifest.json
Playground,kf_glu_nodir,2,1-3-4-5-24,1-24-5-3-4,0.413082,0.569680,1,False,0.8333333333333334,47.6,34.2,af3bb8cf6b7e301d,32.8,outputs/change_nbv/keyframe/Playground/kf_glu_nodir/ts2_20260720_145520/selection_manifest.json
Playground,uniform,2,4-9-14-19-24,4-9-14-19-24,0.371669,0.528960,4,False,,0,34.3,,,
Garden,uniform,2,0-5-10-15-20,0-5-10-15-20,0.504259,0.670234,0,True,,0,49.3,,,
Garden,uniform,1,0-5-10-15-20,0-5-10-15-20,0.505447,0.671262,0,True,,0,50.5,,,
Garden,uniform,0,0-5-10-15-20,0-5-10-15-20,0.507991,0.673503,0,True,,0,51.0,,,
Garden,dopt_seq_dir,2,0-3-5-6-7,0-7-5-3-6,0.488664,0.656195,0,True,,34.9,62.3,,,
Garden,uniform,1,1-6-11-16-21,1-6-11-16-21,0.504416,0.668669,1,False,,0,67.8,,,
Garden,dopt_seq_dir,1,0-3-5-6-7,0-7-5-3-6,0.470009,0.633839,0,True,,35.2,92.3,,,
Garden,dopt_seq_dir,0,0-3-4-6-7,0-7-4-3-6,0.499480,0.665872,0,True,,34.5,93.6,,,
Garden,kf_l_dir_gseed,1,3-10-11-12-23,12-10-11-23-3,0.474540,0.641451,12,False,0.2916666666666667,40.2,94.2,3ef703551f66a7e5,32.9,outputs/change_nbv/keyframe/Garden/kf_l_dir_gseed/ts1_20260720_152551/selection_manifest.json
Garden,uniform,2,1-6-11-16-21,1-6-11-16-21,0.506826,0.671157,1,False,,0,85.4,,,
Garden,uniform,0,1-6-11-16-21,1-6-11-16-21,0.504810,0.669139,1,False,,0,84.0,,,
Garden,kf_l_dir_gseed,0,3-10-11-12-23,12-10-11-23-3,0.456526,0.620548,12,False,0.2916666666666667,39.8,95.5,385557c2033b9ac5,31.4,outputs/change_nbv/keyframe/Garden/kf_l_dir_gseed/ts0_20260720_152551/selection_manifest.json
Garden,uniform,1,2-7-12-17-22,2-7-12-17-22,0.489192,0.655504,2,False,,0,41.2,,,
Lounge,uniform,0,0-5-10-15-20,0-5-10-15-20,0.582423,0.735718,0,True,,0,38.0,,,
Garden,uniform,0,2-7-12-17-22,2-7-12-17-22,0.489180,0.655518,2,False,,0,34.9,,,
Garden,uniform,2,2-7-12-17-22,2-7-12-17-22,0.488506,0.654878,2,False,,0,38.4,,,
Lounge,uniform,1,0-5-10-15-20,0-5-10-15-20,0.581919,0.735364,0,True,,0,38.7,,,
Garden,kf_l_dir_gseed,2,3-10-11-12-23,12-10-11-23-3,0.475285,0.641799,12,False,0.2916666666666667,48.4,36.8,a981a1c6f420572d,33.4,outputs/change_nbv/keyframe/Garden/kf_l_dir_gseed/ts2_20260720_152737/selection_manifest.json
Garden,uniform,1,3-8-13-18-23,3-8-13-18-23,0.428432,0.592866,3,False,,0,36.8,,,
Lounge,dopt_seq_dir,0,0-4-18-21-24,0-24-4-21-18,0.567092,0.723245,0,True,,33.9,38.1,,,
Lounge,uniform,0,1-6-11-16-21,1-6-11-16-21,0.564665,0.719340,1,False,,0,38.0,,,
Lounge,kf_l_dir_gseed,0,5-7-16-21-24,16-24-21-5-7,0.526079,0.686955,16,False,0.16666666666666666,35.9,42.2,fa50db2604d3d404,32.9,outputs/change_nbv/keyframe/Lounge/kf_l_dir_gseed/ts0_20260720_152804/selection_manifest.json
Garden,uniform,0,3-8-13-18-23,3-8-13-18-23,0.426407,0.589935,3,False,,0,45.9,,,
Lounge,uniform,1,1-6-11-16-21,1-6-11-16-21,0.562773,0.717580,1,False,,0,45.0,,,
Garden,uniform,2,3-8-13-18-23,3-8-13-18-23,0.429049,0.593146,3,False,,0,46.3,,,
Garden,uniform,1,4-9-14-19-24,4-9-14-19-24,0.462195,0.629728,4,False,,0,38.2,,,
Lounge,uniform,0,2-7-12-17-22,2-7-12-17-22,0.540607,0.700651,2,False,,0,38.9,,,
Lounge,uniform,2,0-5-10-15-20,0-5-10-15-20,0.581839,0.735286,0,True,,0,36.8,,,
Garden,uniform,0,4-9-14-19-24,4-9-14-19-24,0.458198,0.625672,4,False,,0,36.2,,,
Lounge,dopt_seq_dir,1,0-4-18-21-24,0-24-4-21-18,0.564241,0.720918,0,True,,35.4,36.3,,,
Garden,uniform,2,4-9-14-19-24,4-9-14-19-24,0.460832,0.628595,4,False,,0,37.7,,,
Lounge,uniform,1,2-7-12-17-22,2-7-12-17-22,0.539267,0.699475,2,False,,0,38.9,,,
Lounge,kf_l_dir_gseed,1,5-7-16-21-24,16-21-24-5-7,0.524072,0.685261,16,False,0.16666666666666666,39.3,38.2,1fefcbac3e29e8e1,31.9,outputs/change_nbv/keyframe/Lounge/kf_l_dir_gseed/ts1_20260720_152914/selection_manifest.json
Lounge,uniform,0,3-8-13-18-23,3-8-13-18-23,0.552435,0.710188,3,False,,0,37.9,,,
Lounge,uniform,2,1-6-11-16-21,1-6-11-16-21,0.558587,0.714224,1,False,,0,35.9,,,
Lounge,uniform,1,3-8-13-18-23,3-8-13-18-23,0.554051,0.711431,3,False,,0,36.7,,,
Lunch_room,uniform,0,0-5-10-15-20,0-5-10-15-20,0.352515,0.500609,0,True,,0,42.2,,,
Lounge,dopt_seq_dir,2,0-3-4-21-24,0-24-4-21-3,0.567879,0.724087,0,True,,34.3,36.9,,,
Lounge,uniform,0,4-9-14-19-24,4-9-14-19-24,0.489884,0.655848,4,False,,0,36.8,,,
Lounge,uniform,2,2-7-12-17-22,2-7-12-17-22,0.540427,0.700488,2,False,,0,36.6,,,
Lounge,kf_l_dir_gseed,2,5-7-16-21-24,16-24-21-5-7,0.494535,0.652173,16,False,0.16666666666666666,36.3,36.2,cc775649dae4e578,37.1,outputs/change_nbv/keyframe/Lounge/kf_l_dir_gseed/ts2_20260720_153003/selection_manifest.json
Lounge,uniform,1,4-9-14-19-24,4-9-14-19-24,0.488412,0.654501,4,False,,0,36.2,,,
Lunch_room,uniform,0,1-6-11-16-21,1-6-11-16-21,0.391410,0.535934,1,False,,0,47.6,,,
Lunch_room,dopt_seq_dir,0,0-2-11-21-22,0-22-21-2-11,0.353879,0.503859,0,True,,39.7,47.6,,,
Lunch_room,uniform,1,0-5-10-15-20,0-5-10-15-20,0.343854,0.491756,0,True,,0,43.9,,,
Lounge,uniform,2,3-8-13-18-23,3-8-13-18-23,0.552064,0.709861,3,False,,0,36.2,,,
Lunch_room,kf_l_dir_gseed,0,11-17-20-21-22,17-22-20-11-21,0.303621,0.443151,17,False,0.5833333333333334,42.9,44.4,d703e259d7ccecce,39.6,outputs/change_nbv/keyframe/Lunch_room/kf_l_dir_gseed/ts0_20260720_153035/selection_manifest.json
Lunch_room,uniform,2,0-5-10-15-20,0-5-10-15-20,0.362818,0.510585,0,True,,0,44.0,,,
Lunch_room,uniform,0,2-7-12-17-22,2-7-12-17-22,0.308171,0.449659,2,False,,0,42.5,,,
Lunch_room,uniform,1,1-6-11-16-21,1-6-11-16-21,0.389680,0.534986,1,False,,0,42.6,,,
Lounge,uniform,2,4-9-14-19-24,4-9-14-19-24,0.488134,0.654086,4,False,,0,37.1,,,
Lunch_room,dopt_seq_dir,1,0-2-11-21-22,0-22-21-2-11,0.360831,0.510861,0,True,,40.5,44.1,,,
Lunch_room,kf_l_dir_gseed,1,11-17-20-21-22,17-22-20-11-21,0.316196,0.459459,17,False,0.5833333333333334,43.3,42.7,b74c7d82938c17c8,37.8,outputs/change_nbv/keyframe/Lunch_room/kf_l_dir_gseed/ts1_20260720_153122/selection_manifest.json
Lunch_room,uniform,2,1-6-11-16-21,1-6-11-16-21,0.392600,0.536369,1,False,,0,42.7,,,
Lunch_room,dopt_seq_dir,2,0-2-11-21-22,0-22-21-2-11,0.363538,0.512822,0,True,,39.2,42.9,,,
Lunch_room,uniform,0,3-8-13-18-23,3-8-13-18-23,0.304232,0.448323,3,False,,0,43.2,,,
Pots,uniform,0,0-5-10-15-20,0-5-10-15-20,0.612185,0.756291,0,True,,0,36.0,,,
Lunch_room,uniform,1,2-7-12-17-22,2-7-12-17-22,0.310532,0.453004,2,False,,0,43.7,,,
Lunch_room,kf_l_dir_gseed,2,9-10-12-21-24,10-21-12-24-9,0.177688,0.282646,10,False,0.5833333333333334,42.2,43.4,207fa48e6a12c67c,37.9,outputs/change_nbv/keyframe/Lunch_room/kf_l_dir_gseed/ts2_20260720_153202/selection_manifest.json
Lunch_room,uniform,2,2-7-12-17-22,2-7-12-17-22,0.304706,0.444773,2,False,,0,42.6,,,
Pots,uniform,1,0-5-10-15-20,0-5-10-15-20,0.614339,0.757877,0,True,,0,35.5,,,
Pots,uniform,0,1-6-11-16-21,1-6-11-16-21,0.629893,0.770249,1,False,,0,35.6,,,
Pots,dopt_seq_dir,0,0-2-11-15-17,0-2-11-17-15,0.620493,0.761945,0,True,,34.8,35.1,,,
Lunch_room,uniform,0,4-9-14-19-24,4-9-14-19-24,0.273440,0.405353,4,False,,0,44.8,,,
Lunch_room,uniform,1,3-8-13-18-23,3-8-13-18-23,0.307662,0.451949,3,False,,0,44.1,,,
Pots,kf_l_dir_gseed,0,2-3-5-9-22,9-2-3-22-5,0.601159,0.747945,9,False,0.375,36.6,36.6,59d0a90cd00e894d,30.6,outputs/change_nbv/keyframe/Pots/kf_l_dir_gseed/ts0_20260720_153241/selection_manifest.json
Pots,uniform,1,1-6-11-16-21,1-6-11-16-21,0.628471,0.769099,1,False,,0,35.6,,,
Pots,uniform,0,2-7-12-17-22,2-7-12-17-22,0.604881,0.751171,2,False,,0,37.2,,,
Lunch_room,uniform,2,3-8-13-18-23,3-8-13-18-23,0.298372,0.439783,3,False,,0,45.3,,,
Pots,uniform,2,0-5-10-15-20,0-5-10-15-20,0.615979,0.759137,0,True,,0,36.1,,,
Pots,dopt_seq_dir,1,0-2-11-15-17,0-2-11-17-15,0.621920,0.762857,0,True,,34.4,35.8,,,
Lunch_room,uniform,1,4-9-14-19-24,4-9-14-19-24,0.273223,0.404748,4,False,,0,42.3,,,
Pots,uniform,1,2-7-12-17-22,2-7-12-17-22,0.603338,0.750032,2,False,,0,36.0,,,
Pots,uniform,0,3-8-13-18-23,3-8-13-18-23,0.590042,0.737481,3,False,,0,36.6,,,
Pots,uniform,2,1-6-11-16-21,1-6-11-16-21,0.628887,0.769653,1,False,,0,37.8,,,
Pots,kf_l_dir_gseed,1,2-3-5-9-22,9-2-22-3-5,0.597784,0.745218,9,False,0.375,38.5,38.5,ea63253218f559e0,31.8,outputs/change_nbv/keyframe/Pots/kf_l_dir_gseed/ts1_20260720_153343/selection_manifest.json
Lunch_room,uniform,2,4-9-14-19-24,4-9-14-19-24,0.271328,0.403002,4,False,,0,46.0,,,
Pots,dopt_seq_dir,2,0-2-11-15-17,0-2-11-17-15,0.618472,0.760067,0,True,,33.6,36.6,,,
Printing_area,uniform,0,0-5-10-15-20,0-5-10-15-20,0.595727,0.734956,0,True,,0,35.3,,,
Pots,uniform,1,3-8-13-18-23,3-8-13-18-23,0.588937,0.736265,3,False,,0,36.2,,,
Pots,uniform,0,4-9-14-19-24,4-9-14-19-24,0.624558,0.764993,4,False,,0,36.0,,,
Pots,uniform,2,2-7-12-17-22,2-7-12-17-22,0.606089,0.752060,2,False,,0,36.5,,,
Printing_area,uniform,1,0-5-10-15-20,0-5-10-15-20,0.584873,0.726519,0,True,,0,34.5,,,
Printing_area,uniform,0,1-6-11-16-21,1-6-11-16-21,0.619734,0.757756,1,False,,0,34.8,,,
Pots,kf_l_dir_gseed,2,2-3-5-9-22,9-2-3-22-5,0.600389,0.747365,9,False,0.375,38.1,36.8,450d0d214f5f510e,30.8,outputs/change_nbv/keyframe/Pots/kf_l_dir_gseed/ts2_20260720_153431/selection_manifest.json
Pots,uniform,1,4-9-14-19-24,4-9-14-19-24,0.624615,0.765374,4,False,,0,35.9,,,
Printing_area,dopt_seq_dir,0,0-11-13-17-21,0-13-11-21-17,0.598580,0.736372,0,True,,32.2,35.3,,,
Pots,uniform,2,3-8-13-18-23,3-8-13-18-23,0.591873,0.738985,3,False,,0,36.9,,,
Printing_area,kf_l_dir_gseed,0,0-11-13-17-22,0-13-11-22-17,0.596018,0.734201,0,True,1.0,35.0,36.8,1a347c13845bbf08,29.2,outputs/change_nbv/keyframe/Printing_area/kf_l_dir_gseed/ts0_20260720_153501/selection_manifest.json
Printing_area,uniform,1,1-6-11-16-21,1-6-11-16-21,0.617772,0.756223,1,False,,0,36.0,,,
Printing_area,uniform,0,2-7-12-17-22,2-7-12-17-22,0.610610,0.754868,2,False,,0,35.5,,,
Printing_area,uniform,2,0-5-10-15-20,0-5-10-15-20,0.586981,0.728795,0,True,,0,35.7,,,
Printing_area,dopt_seq_dir,1,0-11-13-17-21,0-13-11-21-17,0.590797,0.730469,0,True,,31.5,35.5,,,
Pots,uniform,2,4-9-14-19-24,4-9-14-19-24,0.626785,0.767132,4,False,,0,35.3,,,
Printing_area,uniform,1,2-7-12-17-22,2-7-12-17-22,0.603797,0.749636,2,False,,0,34.4,,,
Printing_area,uniform,0,3-8-13-18-23,3-8-13-18-23,0.620159,0.756309,3,False,,0,34.5,,,
Printing_area,kf_l_dir_gseed,1,0-5-11-13-22,0-13-11-22-5,0.619684,0.752599,0,True,1.0,35.4,34.1,b3219b3f13d8fc33,28.8,outputs/change_nbv/keyframe/Printing_area/kf_l_dir_gseed/ts1_20260720_153544/selection_manifest.json
Printing_area,uniform,2,1-6-11-16-21,1-6-11-16-21,0.613938,0.752881,1,False,,0,33.0,,,
Printing_area,dopt_seq_dir,2,0-5-11-13-21,0-13-11-21-5,0.612302,0.747128,0,True,,32.2,33.8,,,
Printing_area,kf_l_dir_gseed,2,0-5-11-13-22,0-13-11-22-5,0.618558,0.751875,0,True,1.0,34.0,33.1,14714c3ac59f503d,34.1,outputs/change_nbv/keyframe/Printing_area/kf_l_dir_gseed/ts2_20260720_153612/selection_manifest.json
Printing_area,uniform,1,3-8-13-18-23,3-8-13-18-23,0.615275,0.752500,3,False,,0,32.5,,,
Printing_area,uniform,0,4-9-14-19-24,4-9-14-19-24,0.469075,0.622996,4,False,,0,32.2,,,
Printing_area,uniform,2,2-7-12-17-22,2-7-12-17-22,0.600771,0.747011,2,False,,0,31.2,,,
Printing_area,uniform,1,4-9-14-19-24,4-9-14-19-24,0.462661,0.616549,4,False,,0,30.6,,,
Printing_area,uniform,2,3-8-13-18-23,3-8-13-18-23,0.617392,0.754145,3,False,,0,28.9,,,
Printing_area,uniform,2,4-9-14-19-24,4-9-14-19-24,0.457923,0.611308,4,False,,0,28.4,,,
