scene,phase,combo,miou_query,f1_query
Garden,uniform_off,0-5-10-15-20,0.507254,0.672406
Garden,uniform_off,1-6-11-16-21,0.478252,0.644988
Garden,uniform_off,2-7-12-17-22,0.501736,0.665824
Garden,uniform_off,3-8-13-18-23,0.468489,0.637077
Garden,uniform_off,4-9-14-19-24,0.469809,0.638077
Garden,local3,0-5-10-20-21,0.507356,0.672433
Lounge,uniform_off,0-5-10-15-20,0.488832,0.654757
Meeting_room,uniform_off,0-5-10-15-20,0.469883,0.633308
Cantina,uniform_off,0-5-10-15-20,0.451881,0.610218
Pots,uniform_off,0-5-10-15-20,0.557488,0.711219
Playground,uniform_off,0-5-10-15-20,0.432361,0.589002
Lunch_room,uniform_off,0-5-10-15-20,0.350272,0.500363
Porch,uniform_off,0-5-10-15-20,0.452299,0.616856
Lounge,uniform_off,1-6-11-16-21,0.478590,0.642050
Meeting_room,uniform_off,1-6-11-16-21,0.423388,0.588732
Cantina,uniform_off,1-6-11-16-21,0.359009,0.518963
Pots,uniform_off,1-6-11-16-21,0.549762,0.705144
Playground,uniform_off,1-6-11-16-21,0.408913,0.565302
Lounge,uniform_off,2-7-12-17-22,0.450487,0.616991
Porch,uniform_off,1-6-11-16-21,0.531910,0.675033
Meeting_room,uniform_off,2-7-12-17-22,0.499907,0.662868
Lunch_room,uniform_off,1-6-11-16-21,0.382198,0.532017
Cantina,uniform_off,2-7-12-17-22,0.422554,0.584555
Pots,uniform_off,2-7-12-17-22,0.531531,0.689846
Lounge,uniform_off,3-8-13-18-23,0.506810,0.670350
Playground,uniform_off,2-7-12-17-22,0.330469,0.468443
Porch,uniform_off,2-7-12-17-22,0.459700,0.615240
Meeting_room,uniform_off,3-8-13-18-23,0.485522,0.647588
Cantina,uniform_off,3-8-13-18-23,0.468234,0.630345
Pots,uniform_off,3-8-13-18-23,0.576317,0.724742
Lunch_room,uniform_off,2-7-12-17-22,0.296915,0.436704
Lounge,uniform_off,4-9-14-19-24,0.460470,0.628149
Playground,uniform_off,3-8-13-18-23,0.332717,0.475314
Meeting_room,uniform_off,4-9-14-19-24,0.501196,0.660646
Porch,uniform_off,3-8-13-18-23,0.453353,0.605179
Cantina,uniform_off,4-9-14-19-24,0.478273,0.635734
Pots,uniform_off,4-9-14-19-24,0.587610,0.736852
Playground,uniform_off,4-9-14-19-24,0.379842,0.535586
Lunch_room,uniform_off,3-8-13-18-23,0.329264,0.475908
Porch,uniform_off,4-9-14-19-24,0.593405,0.738686
Garden,local3,0-4-5-14-21,0.497173,0.663503
Lunch_room,uniform_off,4-9-14-19-24,0.269738,0.399430
Garden,local3,0-9-10-20-21,0.499198,0.665132
Garden,local3,0-3-5-10-21,0.492184,0.659089
Garden,local3,5-10-12-13-15,0.523888,0.686904
Lounge,local3,2-8-13-15-23,0.420627,0.588573
Meeting_room,local3,4-14-21-23-24,0.479278,0.640921
Garden,local3,5-9-10-12-19,0.479735,0.647098
Cantina,local3,4-9-14-20-24,0.469908,0.620252
Lounge,local3,3-8-10-13-23,0.508784,0.672662
Pots,local3,4-9-14-19-20,0.587459,0.736879
Meeting_room,local3,4-9-14-22-24,0.507550,0.666469
Garden,local3,0-1-13-15-24,0.402846,0.570476
Playground,local3,0-5-15-20-22,0.419191,0.576371
Porch,local3,9-14-17-19-24,0.552285,0.696939
Pots,local3,6-9-14-19-22,0.513928,0.675478
Cantina,local3,3-12-14-15-19,0.482208,0.643608
Lounge,local3,3-8-10-16-22,0.443202,0.609387
Meeting_room,local3,4-9-14-16-22,0.508697,0.667300
Garden,local3,5-10-12-15-16,0.531671,0.693417
Playground,local3,0-5-10-16-20,0.426857,0.581768
Porch,local3,4-14-19-20-24,0.536191,0.692698
Lounge,local3,3-6-8-10-13,0.514858,0.677719
Pots,local3,4-6-15-19-24,0.542537,0.700219
Cantina,local3,3-12-13-14-19,0.430854,0.588716
Meeting_room,local3,0-4-9-16-22,0.498835,0.659608
Garden,local3,5-7-8-10-21,0.512618,0.676428
Playground,local3,5-10-15-20-21,0.350550,0.504567
Lunch_room,local3,6-8-11-15-21,0.325626,0.465166
Porch,local3,0-4-9-19-24,0.472461,0.638644
Lounge,local3,5-6-8-10-24,0.510499,0.673979
Pots,local3,3-7-9-13-14,0.574139,0.725088
Cantina,local3,3-7-12-15-19,0.470215,0.633045
Meeting_room,local3,9-14-16-20-22,0.479615,0.640724
Garden,local3,5-12-15-16-24,0.516593,0.680539
Playground,local3,0-5-7-10-20,0.407634,0.561487
Lunch_room,local3,1-2-16-19-23,0.339744,0.488479
Porch,local3,4-8-9-14-19,0.562323,0.710556
Lounge,local3,3-5-8-10-14,0.504434,0.668633
Meeting_room,local3,4-6-14-16-17,0.448587,0.607704
Pots,local3,4-9-17-19-24,0.600925,0.747816
Cantina,local3,3-8-13-15-19,0.500838,0.659679
Garden,local3,5-6-12-15-16,0.527763,0.689923
Playground,local3,0-5-11-19-20,0.433728,0.589015
Lunch_room,local3,1-6-10-16-21,0.374781,0.519946
Porch,local3,4-9-14-15-24,0.577172,0.723687
Lounge,local3,3-5-10-13-24,0.501412,0.665507
Meeting_room,local3,4-6-14-18-22,0.486053,0.649182
Pots,local3,4-9-19-21-23,0.576733,0.728566
Cantina,local3,0-3-9-19-20,0.493726,0.652254
Playground,local3,0-2-5-11-20,0.430837,0.586102
Garden,local3,5-10-15-16-17,0.528273,0.690421
Lounge,local3,3-6-8-10-15,0.483253,0.648739
Porch,local3,4-9-18-19-24,0.576176,0.724922
Lunch_room,local3,1-6-16-19-21,0.365170,0.511306
Meeting_room,local3,4-14-16-21-22,0.489829,0.651181
Pots,local3,4-9-16-19-24,0.591996,0.740545
Cantina,local3,8-13-15-19-24,0.482614,0.639406
Playground,local3,0-4-5-11-19,0.436427,0.592545
Lounge,local3,3-8-10-13-16,0.480048,0.644421
Garden,local3,4-10-12-15-24,0.504791,0.670196
Porch,local3,4-6-14-19-20,0.522205,0.675455
Lunch_room,local3,7-11-12-21-22,0.244579,0.368418
Meeting_room,local3,8-12-14-16-22,0.477784,0.640940
Pots,local3,4-9-17-20-24,0.605112,0.749935
Cantina,local3,1-3-8-13-15,0.502883,0.660606
Lounge,local3,0-3-8-10-15,0.474176,0.639929
Playground,local3,0-4-11-15-19,0.440863,0.598642
Garden,local3,5-9-10-15-16,0.505381,0.670846
Porch,local3,0-4-14-19-24,0.459412,0.626917
Meeting_room,local3,4-7-14-16-22,0.502826,0.662465
Lunch_room,local3,1-5-6-11-17,0.403757,0.553697
Pots,local3,9-13-15-20-24,0.579280,0.730903
Cantina,local3,3-7-13-15-24,0.465147,0.627888
Lounge,local3,0-1-6-10-24,0.476485,0.642922
Playground,local3,4-5-11-15-22,0.299714,0.439924
Porch,local3,3-4-9-14-24,0.519443,0.673048
Garden,local3,9-10-12-15-18,0.498090,0.664150
Meeting_room,local3,1-2-4-6-14,0.466493,0.631286
Pots,local3,5-9-17-20-24,0.596530,0.744612
Lunch_room,local3,5-6-11-17-19,0.365725,0.516612
Cantina,local3,3-10-13-14-15,0.517329,0.675006
Lounge,local3,6-8-10-13-14,0.509508,0.673226
Playground,local3,0-4-9-15-19,0.439934,0.597941
Meeting_room,local3,1-2-3-4-14,0.447035,0.610951
Garden,local3,1-5-10-15-16,0.486377,0.653643
Porch,local3,2-4-14-19-24,0.540751,0.695518
Pots,local3,7-12-17-18-24,0.541579,0.698116
Lounge,local3,2-3-6-10-13,0.459607,0.625976
Lunch_room,local3,1-5-6-11-14,0.401401,0.551616
Cantina,local3,3-11-13-14-15,0.478663,0.639598
Playground,local3,0-4-10-11-15,0.438664,0.595441
Meeting_room,local3,4-9-16-22-23,0.513134,0.670256
Porch,local3,4-9-14-18-19,0.569198,0.718727
Garden,local3,2-5-8-15-16,0.519699,0.682568
Pots,local3,0-5-9-17-24,0.590693,0.739439
Lounge,local3,3-6-10-15-22,0.470580,0.637174
Cantina,local3,3-10-14-15-18,0.498560,0.656850
Playground,local3,1-2-11-19-22,0.422253,0.578362
Lunch_room,local3,2-11-12-17-19,0.296387,0.440347
Meeting_room,local3,3-9-16-18-23,0.495015,0.655328
Porch,local3,9-12-17-19-21,0.576767,0.720331
Pots,local3,4-5-9-13-17,0.581890,0.732459
Lounge,local3,3-6-10-13-23,0.493124,0.658141
Garden,local3,2-5-10-15-16,0.518611,0.681736
Cantina,local3,2-13-15-18-21,0.393522,0.555585
Playground,local3,0-4-7-11-15,0.439472,0.597708
Lunch_room,local3,5-6-11-17-20,0.379772,0.530867
Meeting_room,local3,4-7-14-16-23,0.482434,0.641980
Porch,local3,3-4-9-14-19,0.498660,0.651505
Pots,local3,4-13-17-20-24,0.563564,0.714536
Lounge,local3,8-10-20-21-23,0.488423,0.654630
Garden,local3,7-8-10-12-15,0.493468,0.658435
Cantina,local3,10-12-13-14-15,0.464634,0.615270
Playground,local3,0-4-7-11-19,0.440472,0.597808
Meeting_room,local3,4-7-9-16-21,0.509225,0.667349
Porch,local3,4-9-13-14-24,0.544330,0.698559
Lunch_room,local3,1-3-5-6-11,0.411640,0.564169
Pots,local3,3-4-13-17-24,0.581275,0.726282
Lounge,local3,5-6-8-9-13,0.498603,0.663415
Garden,local3,10-11-15-23-24,0.490543,0.656631
Cantina,local3,2-3-14-15-23,0.435449,0.598963
Meeting_room,local3,4-9-16-23-24,0.505172,0.662353
Playground,local3,0-5-15-19-24,0.432132,0.588400
Porch,local3,0-3-4-9-17,0.454570,0.618835
Pots,local3,0-9-14-17-24,0.593044,0.740923
Lounge,local3,3-6-9-10-13,0.485610,0.651427
Lunch_room,local3,5-8-11-12-16,0.338791,0.490494
Garden,local3,5-6-13-16-20,0.515289,0.679125
Cantina,local3,3-5-10-13-15,0.506222,0.665505
Meeting_room,local3,4-9-13-22-23,0.515700,0.673653
Playground,local3,0-4-9-11-15,0.439787,0.597719
Porch,local3,4-5-9-19-24,0.533404,0.691636
Pots,local3,4-9-11-17-20,0.594952,0.743095
Lounge,local3,3-6-10-13-17,0.514887,0.677739
Lunch_room,local3,0-1-3-6-14,0.370740,0.518245
Cantina,local3,3-7-10-13-15,0.500621,0.659523
Garden,local3,5-10-12-15-21,0.527541,0.689909
Meeting_room,local3,4-13-19-22-23,0.492510,0.654434
Playground,local3,0-4-11-15-18,0.441380,0.599308
Porch,local3,7-9-11-14-24,0.460305,0.611668
Pots,local3,9-13-17-20-24,0.568810,0.722454
Lounge,local3,3-4-6-13-23,0.479498,0.645459
Lunch_room,local3,1-3-5-11-12,0.392085,0.548445
Cantina,local3,3-10-13-14-20,0.524286,0.680308
Meeting_room,local3,4-6-13-22-23,0.501825,0.662954
Garden,local3,1-10-12-15-16,0.452499,0.620844
Playground,local3,0-2-4-15-18,0.414613,0.572587
Porch,local3,1-14-18-19-21,0.550660,0.697327
Lounge,local3,1-3-6-10-13,0.471187,0.637209
Pots,local3,4-9-14-17-20,0.592457,0.740136
Cantina,local3,0-3-10-14-20,0.496718,0.655056
Meeting_room,local3,4-9-13-15-24,0.504559,0.662950
Lunch_room,local3,1-6-14-17-23,0.355477,0.500453
Garden,local3,5-6-10-15-16,0.529562,0.691470
Playground,local3,0-4-9-12-15,0.440884,0.599337
Lounge,local3,3-6-13-17-22,0.511771,0.674533
Pots,local3,7-9-17-20-24,0.565112,0.718899
Porch,local3,4-5-9-11-24,0.586430,0.735427
Meeting_room,local3,2-6-9-10-13,0.513749,0.674860
Cantina,local3,3-10-11-14-20,0.511968,0.668774
Lounge,local3,3-6-8-10-18,0.518391,0.680831
Lunch_room,local3,0-1-5-6-11,0.381362,0.529091
Playground,local3,0-4-12-15-18,0.425556,0.585373
Garden,local3,5-7-10-17-21,0.517603,0.680651
Pots,local3,2-3-4-10-24,0.547402,0.698337
Porch,local3,2-4-6-12-19,0.491762,0.642874
Cantina,local3,9-10-13-18-20,0.456196,0.603876
Meeting_room,local3,4-9-16-19-22,0.517778,0.675805
Lounge,local3,4-8-10-14-18,0.477785,0.644363
Playground,local3,0-4-15-18-20,0.428102,0.586327
Lunch_room,local3,1-2-5-6-11,0.379557,0.530501
Garden,local3,8-12-16-17-24,0.483648,0.649489
Pots,local3,2-4-17-20-24,0.550338,0.702890
Porch,local3,3-9-19-23-24,0.508555,0.658619
Meeting_room,local3,4-9-16-21-22,0.518184,0.675553
Cantina,local3,10-11-13-14-20,0.456815,0.608702
Lounge,local3,6-8-10-18-22,0.506775,0.670676
Playground,local3,9-10-11-18-19,0.303232,0.459488
Lunch_room,local3,1-5-6-11-21,0.406645,0.555623
Pots,local3,4-9-10-20-21,0.588434,0.735377
Garden,local3,3-5-10-12-16,0.492211,0.659169
Porch,local3,1-4-5-9-24,0.575285,0.724386
Meeting_room,local3,2-4-16-21-22,0.506483,0.665793
Lounge,local3,6-8-9-10-24,0.486330,0.652593
Cantina,local3,3-5-9-14-15,0.505775,0.664574
Playground,local3,0-7-10-11-22,0.398743,0.554907
Pots,local3,4-8-9-12-24,0.587754,0.737423
Garden,local3,6-10-15-16-17,0.497670,0.662877
Lunch_room,local3,1-4-5-6-11,0.388347,0.535876
Porch,local3,4-6-14-17-24,0.536203,0.687484
Meeting_room,local3,9-12-16-21-22,0.505161,0.665137
Lounge,local3,0-3-6-10-18,0.505889,0.669651
Cantina,local3,3-12-18-20-24,0.465542,0.630184
Playground,local3,0-9-11-18-20,0.377065,0.537330
Pots,local3,1-9-16-17-24,0.599362,0.745052
Garden,local3,4-5-10-12-16,0.504604,0.669965
Lunch_room,local3,1-2-5-13-14,0.364571,0.515783
Porch,local3,8-9-10-18-19,0.511644,0.659072
Meeting_room,local3,4-9-11-21-22,0.513424,0.671935
Lounge,local3,7-8-9-18-24,0.469251,0.636059
Cantina,local3,0-3-10-14-15,0.498682,0.657528
Pots,local3,3-4-9-13-21,0.573162,0.721243
Playground,local3,0-11-13-15-18,0.371298,0.532925
Garden,local3,5-7-10-15-16,0.519873,0.682755
Lunch_room,local3,5-11-13-17-19,0.356249,0.513628
Porch,local3,4-9-10-14-19,0.555769,0.705917
Meeting_room,local3,0-12-16-21-22,0.456634,0.618846
Lounge,local3,0-3-6-8-10,0.500400,0.664850
Cantina,local3,12-13-14-20-23,0.475359,0.630957
Pots,local3,16-17-20-21-23,0.571187,0.723679
Playground,local3,0-11-15-16-18,0.367296,0.527596
Garden,local3,2-7-10-11-15,0.497049,0.661649
Meeting_room,local3,4-8-13-15-22,0.508339,0.667552
Lounge,local3,2-10-17-18-19,0.468773,0.634076
Porch,local3,4-6-7-9-14,0.461811,0.623430
Lunch_room,local3,1-5-6-11-18,0.405790,0.556629
Cantina,local3,1-6-13-14-20,0.429572,0.593080
Pots,local3,0-4-11-20-21,0.555966,0.709008
Playground,local3,0-1-4-11-18,0.429647,0.589931
Garden,local3,0-5-10-15-16,0.509253,0.674129
Meeting_room,local3,4-8-9-16-22,0.518988,0.676360
Lounge,local3,6-8-10-11-18,0.521194,0.683259
Porch,local3,4-7-9-14-19,0.487030,0.649157
Cantina,local3,7-8-13-14-23,0.452545,0.612117
Pots,local3,9-12-20-23-24,0.537550,0.695450
Lunch_room,local3,6-8-11-21-22,0.311113,0.444924
Playground,local3,0-2-11-15-18,0.448162,0.605799
Garden,local3,5-10-15-16-21,0.521416,0.684513
Meeting_room,local3,4-7-8-22-23,0.502682,0.661895
Lounge,local3,0-4-6-18-24,0.503065,0.667427
Porch,local3,4-7-9-14-24,0.495335,0.655767
Cantina,local3,3-10-13-14-18,0.524593,0.680163
Pots,local3,0-1-9-12-20,0.548409,0.704652
Playground,local3,0-2-10-11-15,0.445777,0.602561
Lunch_room,local3,1-3-4-12-19,0.360093,0.511000
Garden,local3,5-10-15-18-19,0.529263,0.691389
Meeting_room,local3,5-8-9-16-24,0.486805,0.648807
Lounge,local3,1-8-16-18-21,0.468014,0.631613
Porch,local3,1-4-11-15-24,0.548774,0.695617
Cantina,local3,3-8-10-13-14,0.508829,0.665435
Pots,local3,4-8-14-17-19,0.582787,0.732726
Playground,local3,2-11-13-18-21,0.325633,0.465412
Lunch_room,local3,3-5-6-9-11,0.305204,0.440702
Meeting_room,local3,4-6-8-16-22,0.508555,0.668107
Lounge,local3,6-7-10-11-13,0.478477,0.644674
Garden,local3,5-6-10-13-15,0.519250,0.682788
Porch,local3,9-13-14-19-24,0.475750,0.629486
Cantina,local3,3-10-13-16-18,0.514430,0.670483
Pots,local3,4-6-11-16-24,0.569151,0.722920
Playground,local3,0-2-4-9-12,0.445940,0.604278
Meeting_room,local3,4-8-9-16-17,0.510928,0.669264
Lounge,local3,5-6-8-10-12,0.513857,0.677044
Lunch_room,local3,1-5-6-7-22,0.401639,0.549229
Garden,local3,5-6-13-15-20,0.513008,0.677375
Cantina,local3,5-13-14-18-23,0.446599,0.606371
Porch,local3,9-15-17-19-24,0.550512,0.696209
Pots,local3,4-17-20-23-24,0.589038,0.735170
Playground,local3,1-2-3-15-18,0.385771,0.544194
Meeting_room,local3,4-8-9-16-20,0.507868,0.665718
Lounge,local3,6-8-10-13-18,0.517379,0.680019
Garden,local3,3-5-7-10-12,0.491052,0.658170
Lunch_room,local3,1-3-5-6-24,0.405487,0.556411
Cantina,local3,2-3-13-14-23,0.364893,0.511716
Pots,local3,2-9-17-20-24,0.586096,0.736633
Porch,local3,4-9-14-16-22,0.565320,0.712334
Playground,local3,2-11-13-15-18,0.329549,0.472774
Meeting_room,local3,8-9-13-16-20,0.462858,0.623564
Lounge,local3,5-6-10-11-18,0.524007,0.685342
Garden,local3,10-12-15-16-19,0.518290,0.681671
Cantina,local3,9-10-14-18-22,0.456044,0.603859
Pots,local3,0-3-4-9-11,0.568822,0.719776
Porch,local3,8-12-14-15-24,0.506929,0.650680
Lunch_room,local3,0-6-7-11-17,0.366064,0.512853
Meeting_room,local3,4-8-9-11-16,0.509823,0.668484
Playground,local3,0-5-11-15-17,0.429199,0.585425
Lounge,local3,0-4-5-6-11,0.507389,0.671216
Cantina,local3,3-9-13-14-18,0.520436,0.675848
Garden,local3,3-5-10-16-18,0.479785,0.647586
Pots,local3,4-9-15-17-24,0.591815,0.739642
Porch,local3,0-1-4-9-14,0.468270,0.623671
Meeting_room,local3,0-4-9-12-14,0.502438,0.663728
Lounge,local3,1-5-6-11-18,0.503251,0.665248
Playground,local3,0-1-4-15-16,0.362074,0.519983
Lunch_room,local3,2-3-5-6-12,0.369931,0.522634
Cantina,local3,10-13-14-15-18,0.467887,0.619479
Pots,local3,1-9-17-20-24,0.605265,0.749263
Garden,local3,2-5-10-15-17,0.518536,0.681657
Porch,local3,4-6-9-14-19,0.546497,0.692040
Meeting_room,local3,4-7-9-16-18,0.503537,0.662114
Lounge,local3,6-10-11-18-22,0.518581,0.680706
Playground,local3,0-1-2-15-18,0.394434,0.554274
Lunch_room,local3,1-3-5-10-11,0.386739,0.542267
Cantina,local3,3-13-14-18-21,0.466830,0.630585
Pots,local3,1-8-9-17-20,0.590431,0.737846
Garden,local3,5-12-13-15-16,0.504292,0.669890
Meeting_room,local3,9-12-16-17-20,0.491503,0.651771
Lounge,local3,1-5-6-14-21,0.480371,0.645070
Porch,local3,2-4-9-14-24,0.553235,0.702221
Playground,local3,1-6-11-15-23,0.429581,0.587559
Lunch_room,local3,3-9-11-18-24,0.294200,0.437601
Cantina,local3,3-14-15-18-21,0.438849,0.603833
Pots,local3,1-13-20-21-24,0.544730,0.696730
Garden,local3,10-12-15-16-24,0.505268,0.669952
Meeting_room,local3,2-8-9-15-16,0.497284,0.658882
Lounge,local3,7-10-11-15-18,0.457428,0.624911
Porch,local3,2-9-14-19-24,0.534386,0.679544
Playground,local3,3-11-16-18-21,0.314999,0.461583
Lunch_room,local3,1-5-7-16-21,0.388577,0.538066
Cantina,local3,10-11-13-14-15,0.452369,0.604927
Pots,local3,1-9-12-16-24,0.591588,0.739786
Garden,local3,1-5-15-22-24,0.406530,0.574749
Meeting_room,local3,0-8-9-16-22,0.483215,0.646883
Lounge,local3,5-6-7-10-11,0.510966,0.674195
Porch,local3,4-9-14-19-20,0.571075,0.720112
Playground,local3,0-3-7-11-21,0.417811,0.575904
Cantina,local3,3-12-18-19-23,0.452834,0.617828
Pots,local3,1-4-14-17-24,0.567676,0.714725
Lunch_room,local3,1-2-3-4-5,0.356208,0.506910
Meeting_room,local3,1-3-4-19-22,0.467525,0.632061
Garden,local3,5-10-14-15-16,0.532486,0.694109
Lounge,local3,5-9-10-11-18,0.493493,0.658467
Porch,local3,9-14-19-20-24,0.563189,0.710632
Playground,local3,2-11-15-18-19,0.342050,0.489569
Cantina,local3,4-10-11-12-14,0.401772,0.553535
Pots,local3,1-3-17-20-24,0.589399,0.733118
Meeting_room,local3,4-16-19-20-22,0.493208,0.653459
Lounge,local3,6-10-11-13-18,0.521714,0.683623
Lunch_room,local3,3-5-6-11-23,0.316738,0.457420
Garden,local3,5-7-14-15-16,0.519907,0.682745
Porch,local3,0-9-12-14-19,0.425137,0.582612
Playground,local3,3-8-11-15-23,0.338386,0.483697
Cantina,local3,3-6-10-16-17,0.438006,0.603206
Pots,local3,7-15-17-20-24,0.573894,0.723961
Meeting_room,local3,5-8-9-16-22,0.494532,0.656071
Lounge,local3,5-6-7-11-17,0.503626,0.667388
Garden,local3,0-5-10-14-16,0.510680,0.675371
Lunch_room,local3,3-5-6-11-22,0.316940,0.455314
Porch,local3,4-11-14-19-24,0.588808,0.735674
Playground,local3,0-9-15-19-21,0.376273,0.536863
Cantina,local3,10-13-14-18-23,0.480301,0.634249
Pots,local3,7-15-17-18-24,0.569654,0.720637
Meeting_room,local3,0-2-7-16-22,0.464254,0.628576
Lounge,local3,2-5-6-11-18,0.475513,0.639866
Garden,local3,12-14-15-17-24,0.519286,0.682586
Porch,local3,4-9-13-19-21,0.534597,0.694068
Playground,local3,0-2-13-15-18,0.415742,0.575005
Lunch_room,local3,3-4-5-8-11,0.275115,0.404862
Cantina,local3,3-6-10-14-18,0.468751,0.629849
Meeting_room,local3,4-5-13-14-22,0.459105,0.622789
Lounge,local3,4-5-6-10-18,0.466135,0.632832
Pots,local3,1-8-13-17-20,0.561198,0.712299
Garden,local3,10-13-14-15-16,0.506745,0.671997
Porch,local3,4-6-9-14-24,0.548890,0.696923
Playground,local3,0-11-14-15-24,0.389176,0.551208
Lunch_room,local3,1-3-6-11-15,0.394030,0.544928
Meeting_room,local3,4-8-9-11-22,0.509120,0.668123
Cantina,local3,0-2-8-13-18,0.468539,0.626681
Lounge,local3,3-5-6-11-18,0.513654,0.675725
Pots,local3,1-13-17-20-24,0.567052,0.715608
Garden,local3,0-5-10-16-22,0.507869,0.672879
Porch,local3,14-16-19-20-24,0.562582,0.711923
Playground,local3,0-2-11-14-18,0.446370,0.604120
Meeting_room,local3,0-2-7-8-16,0.478464,0.642903
Cantina,local3,3-7-13-14-17,0.423653,0.585673
Lounge,local3,5-6-9-11-18,0.509158,0.672138
Lunch_room,local3,1-2-3-5-6,0.371716,0.522486
Pots,local3,1-5-9-12-20,0.574225,0.725991
Garden,local3,0-5-15-18-23,0.494648,0.661199
Porch,local3,12-14-15-21-24,0.543144,0.688288
Playground,local3,0-2-11-15-21,0.434833,0.592974
Meeting_room,local3,2-4-16-22-24,0.505096,0.664380
Cantina,local3,3-10-13-15-18,0.515326,0.672050
Lounge,local3,0-11-14-18-19,0.531448,0.691516
Pots,local3,1-9-11-20-24,0.600569,0.746435
Lunch_room,local3,1-5-6-7-11,0.404651,0.553237
Garden,local3,5-14-15-16-21,0.503483,0.668894
Porch,local3,3-9-14-19-24,0.494174,0.643001
Playground,local3,2-6-12-14-18,0.362739,0.510709
Meeting_room,local3,4-7-9-16-22,0.514449,0.672504
Lounge,local3,2-5-11-14-19,0.470402,0.635722
Cantina,local3,5-12-13-14-22,0.399854,0.554546
Pots,local3,1-3-9-17-20,0.592995,0.737850
Lunch_room,local3,1-3-5-6-16,0.395394,0.546946
Porch,local3,2-7-14-18-24,0.487712,0.646001
Garden,local3,3-5-8-14-16,0.475926,0.643956
Playground,local3,2-11-14-18-21,0.343461,0.492177
Meeting_room,local3,1-4-8-16-22,0.497009,0.658789
Lounge,local3,0-14-18-19-21,0.497585,0.662604
Cantina,local3,1-11-13-16-18,0.495922,0.653782
Pots,local3,9-14-15-20-22,0.575543,0.727770
Porch,local3,9-10-14-19-24,0.500767,0.647740
Lunch_room,local3,1-2-5-11-19,0.348245,0.501421
Meeting_room,local3,6-8-16-18-22,0.443846,0.609622
Playground,local3,0-2-12-14-16,0.428521,0.587743
Garden,local3,5-8-14-15-21,0.507281,0.672425
Cantina,local3,10-13-14-16-18,0.505969,0.661258
Lounge,local3,0-1-14-18-19,0.512078,0.674584
Pots,local3,9-17-18-20-24,0.590077,0.739452
Porch,local3,1-4-9-19-24,0.561694,0.711133
Meeting_room,local3,4-8-9-13-16,0.497424,0.655263
Lunch_room,local3,1-6-7-23-24,0.359551,0.503874
Playground,local3,14-15-16-18-24,0.228071,0.364471
Garden,local3,5-8-10-14-16,0.524002,0.686803
Cantina,local3,9-10-13-18-19,0.464286,0.612792
Lounge,local3,0-3-11-14-19,0.526923,0.687676
Pots,local3,1-9-17-19-24,0.607808,0.752274
Porch,local3,9-14-15-19-24,0.505934,0.652394
Meeting_room,local3,6-8-17-22-23,0.457965,0.623738
Playground,local3,0-2-8-11-18,0.440581,0.595807
Garden,local3,5-10-14-16-19,0.533307,0.694689
Cantina,local3,1-3-9-13-18,0.506616,0.663161
Pots,local3,1-3-6-17-24,0.586023,0.731923
Lounge,local3,0-11-14-18-23,0.516945,0.679428
Lunch_room,local3,1-3-5-11-16,0.396635,0.553942
Meeting_room,local3,4-9-10-16-22,0.518834,0.676364
Porch,restart3,0-1-3-5-18,0.496014,0.655266
Playground,local3,2-7-11-15-18,0.343102,0.484271
Garden,local3,1-5-10-14-19,0.509490,0.674003
Cantina,local3,0-3-8-12-14,0.483492,0.643045
Pots,local3,1-6-9-17-19,0.574456,0.726722
Lounge,local3,9-11-17-19-20,0.482449,0.648482
Meeting_room,local3,2-3-4-9-16,0.518635,0.677634
Porch,local3,0-1-3-14-20,0.486010,0.643672
Lunch_room,local3,5-6-7-11-18,0.338275,0.484329
Playground,local3,2-4-14-18-19,0.357219,0.507932
Garden,local3,3-9-10-16-19,0.477147,0.645371
Cantina,local3,3-10-14-17-18,0.523426,0.679209
Pots,local3,5-9-17-19-24,0.588250,0.737664
Lounge,local3,8-11-14-19-20,0.510306,0.673069
Meeting_room,local3,4-5-8-9-22,0.498206,0.658187
Porch,local3,0-3-12-16-18,0.436129,0.601583
Playground,local3,0-2-11-16-17,0.439021,0.595504
Cantina,local3,0-3-9-10-23,0.503078,0.660204
Lunch_room,local3,3-5-11-15-16,0.357898,0.507517
Pots,local3,1-3-4-5-24,0.578212,0.724471
Garden,local3,5-6-10-16-19,0.531929,0.693423
Meeting_room,local3,4-7-8-10-23,0.488809,0.647829
Lounge,local3,0-14-18-19-20,0.518019,0.680203
Porch,local3,0-1-3-5-13,0.470913,0.632865
Playground,local3,1-2-11-15-18,0.422962,0.582339
Cantina,local3,0-3-10-13-14,0.460475,0.621163
Pots,local3,1-9-17-19-20,0.601261,0.747333
Lunch_room,local3,5-6-10-17-24,0.366808,0.513762
Garden,local3,5-10-14-16-21,0.525943,0.688339
Meeting_room,local3,4-7-8-9-24,0.503148,0.662078
Lounge,local3,6-7-8-11-18,0.497879,0.662421
Porch,local3,2-3-5-6-13,0.501809,0.660951
Cantina,local3,3-8-10-14-18,0.503719,0.659557
Playground,local3,0-2-11-15-22,0.437113,0.594990
Pots,local3,1-2-9-19-24,0.578119,0.728297
Meeting_room,local3,8-9-16-17-22,0.468605,0.631452
Lounge,local3,5-11-14-18-19,0.513648,0.676075
Garden,local3,7-12-14-16-22,0.501766,0.666348
Lunch_room,local3,1-5-6-11-13,0.399236,0.549583
Porch,local3,5-6-9-13-17,0.501379,0.659674
Playground,local3,11-14-18-21-22,0.444834,0.601291
Cantina,local3,2-10-13-14-18,0.488995,0.643195
Pots,local3,1-9-11-19-24,0.600069,0.746907
Meeting_room,local3,8-9-13-16-22,0.480074,0.642083
Lounge,local3,0-11-14-19-22,0.508307,0.671640
Garden,local3,1-5-11-13-19,0.497143,0.663093
Porch,local3,3-4-5-13-15,0.392648,0.549682
Lunch_room,local3,1-2-5-11-16,0.343727,0.495850
Cantina,local3,3-8-14-21-22,0.475654,0.637825
Playground,local3,0-7-11-15-18,0.414275,0.572658
Lounge,local3,6-11-14-18-19,0.532979,0.693199
Pots,local3,9-10-16-19-24,0.572665,0.725527
Meeting_room,local3,2-4-8-10-22,0.525623,0.684347
Garden,local3,10-12-14-16-19,0.535939,0.696808
Porch,local3,2-6-8-13-19,0.486919,0.634421
Cantina,local3,3-13-14-16-18,0.473381,0.636075
Lunch_room,local3,0-1-3-6-11,0.381480,0.532006
Playground,local3,0-2-15-18-24,0.445964,0.603089
Lounge,local3,2-12-14-15-18,0.458331,0.624215
Meeting_room,local3,0-10-15-22-24,0.500261,0.660915
Pots,local3,1-9-12-19-24,0.588619,0.737812
Garden,local3,7-10-12-14-19,0.518817,0.681562
Porch,local3,2-3-5-6-20,0.521692,0.680282
Cantina,local3,1-10-13-14-24,0.484310,0.642244
Playground,local3,0-1-2-7-12,0.429329,0.589560
Lounge,local3,6-8-14-18-19,0.509221,0.672442
Lunch_room,local3,0-5-8-11-19,0.379878,0.535905
Meeting_room,local3,2-4-5-8-15,0.505033,0.664717
Pots,local3,2-3-5-9-24,0.571205,0.722819
Garden,local3,0-5-10-16-18,0.511372,0.675910
Porch,local3,0-2-3-5-6,0.438088,0.603365
Cantina,local3,4-5-8-10-14,0.409666,0.559850
Playground,local3,2-3-7-11-13,0.347099,0.493590
Lounge,local3,6-11-17-18-19,0.540802,0.699870
Meeting_room,local3,2-8-10-12-22,0.508216,0.670548
Pots,local3,1-9-13-17-19,0.594359,0.741843
Lunch_room,local3,1-5-11-15-19,0.387969,0.542561
Garden,local3,14-16-17-19-20,0.522042,0.684705
Porch,local3,2-3-6-20-24,0.520498,0.674290
Cantina,local3,3-10-14-18-22,0.503062,0.661441
Lounge,local3,1-12-17-18-19,0.512265,0.673582
Playground,local3,7-11-12-15-18,0.303845,0.452344
Meeting_room,local3,2-4-13-19-22,0.499001,0.660758
Pots,local3,9-11-13-17-24,0.527784,0.687859
Lunch_room,local3,3-6-8-11-20,0.306007,0.443833
Garden,local3,10-12-14-16-17,0.531401,0.692687
Porch,local3,0-2-8-20-23,0.438247,0.597198
Cantina,local3,3-10-13-18-20,0.496266,0.656105
Lounge,local3,15-18-19-21-22,0.422065,0.591044
Playground,local3,2-11-15-18-22,0.330227,0.472613
Meeting_room,local3,2-4-5-8-10,0.505311,0.665338
Pots,local3,0-1-9-17-24,0.584931,0.732762
Garden,local3,1-9-10-16-19,0.479391,0.647143
Lunch_room,local3,3-5-11-16-21,0.355392,0.506714
Porch,local3,3-5-15-17-23,0.474571,0.635250
Cantina,local3,3-10-13-17-23,0.502634,0.660252
Lounge,local3,5-11-17-18-19,0.518897,0.680613
Meeting_room,local3,2-6-8-10-22,0.500782,0.663886
Playground,local3,0-8-11-14-15,0.377102,0.537643
Pots,local3,1-3-17-19-24,0.595448,0.738991
Garden,local3,9-10-14-16-19,0.490912,0.657399
Porch,local3,2-5-6-20-23,0.564239,0.717422
Cantina,local3,2-3-7-10-12,0.452332,0.613642
Lounge,local3,2-6-11-17-19,0.489764,0.653522
Lunch_room,local3,1-3-6-11-21,0.391081,0.541438
Meeting_room,local3,2-5-6-8-18,0.436928,0.601835
Playground,local3,0-2-3-11-18,0.443983,0.601344
Pots,local3,1-9-17-19-21,0.594787,0.742264
Garden,local3,2-12-14-16-19,0.520388,0.682934
Lounge,local3,3-4-11-13-17,0.497949,0.662986
Porch,local3,0-2-5-20-23,0.420895,0.586436
Cantina,local3,1-10-13-14-18,0.507821,0.662937
Meeting_room,local3,8-10-13-17-24,0.470931,0.634132
Lunch_room,local3,3-5-6-11-16,0.329291,0.473459
Playground,local3,2-10-11-15-16,0.327583,0.466780
Pots,local3,9-15-17-20-24,0.587803,0.737731
Garden,local3,5-10-12-16-19,0.534189,0.695482
Lounge,local3,2-6-11-17-18,0.488381,0.652165
Porch,local3,2-5-6-20-24,0.558910,0.711492
Cantina,local3,3-7-10-14-18,0.487044,0.646587
Meeting_room,local3,2-4-8-13-15,0.504612,0.662888
Pots,local3,4-6-9-23-24,0.567806,0.721979
Playground,local3,0-1-2-10-15,0.430129,0.590875
Lounge,local3,1-11-17-18-19,0.526502,0.685774
Lunch_room,local3,3-5-6-11-14,0.327805,0.470287
Garden,local3,6-10-12-14-19,0.521984,0.684829
Porch,local3,2-3-5-6-15,0.525653,0.680585
Meeting_room,local3,2-3-4-10-24,0.519490,0.679136
Cantina,local3,7-10-14-15-24,0.441704,0.594252
Pots,local3,0-1-9-19-24,0.575525,0.726315
Lounge,local3,11-12-13-15-17,0.472953,0.638766
Playground,local3,3-12-15-18-23,0.344337,0.495029
Garden,local3,7-10-12-13-16,0.504146,0.668557
Lunch_room,local3,0-3-5-6-14,0.368358,0.520792
Porch,local3,2-5-6-8-13,0.525237,0.673271
Meeting_room,local3,2-4-8-10-11,0.526312,0.685356
Cantina,local3,3-4-10-13-16,0.471893,0.632099
Pots,local3,1-9-17-19-22,0.594448,0.742501
Lounge,local3,5-6-17-18-21,0.513294,0.675846
Playground,local3,1-9-15-18-21,0.383470,0.543918
Garden,local3,2-10-12-14-19,0.528467,0.690255
Lunch_room,local3,1-6-8-18-22,0.374491,0.521089
Porch,local3,2-4-8-14-23,0.534437,0.682570
Meeting_room,local3,2-9-10-20-22,0.520985,0.681254
Cantina,local3,2-3-10-13-14,0.465114,0.625780
Pots,local3,1-15-17-19-24,0.580884,0.727135
Lounge,local3,6-9-11-14-18,0.492186,0.657472
Playground,local3,0-2-4-15-24,0.413103,0.566495
Garden,local3,10-12-14-16-22,0.527152,0.689319
Meeting_room,local3,8-10-14-18-21,0.472172,0.635162
Porch,local3,1-2-5-6-9,0.541807,0.685819
Lunch_room,local3,1-3-6-11-20,0.406908,0.560806
Cantina,local3,3-4-10-17-18,0.503458,0.661988
Lounge,local3,2-6-11-14-17,0.482160,0.646955
Pots,local3,1-4-17-19-24,0.581097,0.726959
Playground,local3,0-2-3-12-16,0.433641,0.592899
Garden,local3,10-11-13-16-21,0.494660,0.660310
Meeting_room,local3,4-5-8-13-19,0.456736,0.617313
Porch,local3,2-5-6-14-23,0.555365,0.704740
Cantina,local3,3-11-13-14-18,0.496940,0.655463
Lounge,local3,6-17-18-19-22,0.518798,0.680962
Pots,local3,1-9-12-14-17,0.584735,0.734236
Lunch_room,local3,1-8-11-16-21,0.348769,0.497185
Playground,local3,4-11-15-16-18,0.328742,0.474619
Garden,local3,4-10-14-17-22,0.510988,0.675630
Meeting_room,local3,4-8-10-11-20,0.496950,0.656894
Porch,local3,0-2-6-7-23,0.401134,0.563037
Lounge,local3,10-11-12-18-24,0.506900,0.670786
Cantina,local3,3-10-12-13-14,0.485380,0.644787
Pots,local3,1-9-15-17-19,0.599772,0.746040
Lunch_room,local3,1-3-5-7-22,0.398229,0.550855
Playground,local3,0-4-10-11-18,0.437516,0.592573
Garden,local3,1-12-14-17-19,0.506247,0.671140
Meeting_room,local3,0-4-8-15-21,0.495204,0.657001
Porch,local3,1-6-17-23-24,0.548754,0.690998
Lounge,local3,6-11-15-18-20,0.519809,0.681531
Cantina,local3,3-13-14-18-22,0.465943,0.629404
Pots,local3,1-7-11-17-19,0.580196,0.728457
Playground,local3,2-11-18-20-21,0.421805,0.574904
Meeting_room,local3,2-6-8-17-24,0.459512,0.625011
Lunch_room,restart3,3-6-10-16-20,0.284132,0.423251
Garden,local3,8-10-12-19-24,0.474903,0.642263
Porch,local3,2-5-7-20-23,0.489458,0.651287
Lounge,local3,7-10-18-19-24,0.486831,0.652458
Cantina,local3,2-10-12-13-18,0.489774,0.642936
Pots,local3,0-2-9-17-21,0.566203,0.719188
Playground,local3,0-6-11-15-18,0.433022,0.590151
Meeting_room,local3,8-10-14-17-24,0.475642,0.638923
Porch,local3,2-5-6-9-20,0.568264,0.714927
Lunch_room,local3,3-6-10-16-17,0.295734,0.437844
Lounge,local3,3-5-11-13-18,0.508530,0.671277
Garden,local3,1-12-14-16-19,0.509314,0.673804
Cantina,local3,3-4-13-14-19,0.378064,0.525023
Pots,local3,1-3-9-17-19,0.599890,0.744178
Meeting_room,local3,2-4-8-11-20,0.508979,0.668406
Playground,local3,0-2-11-18-21,0.443700,0.598979
Porch,local3,2-6-9-13-17,0.506597,0.650605
Lounge,local3,6-8-11-18-19,0.517094,0.679440
Cantina,local3,9-10-14-15-18,0.448056,0.595321
Lunch_room,local3,3-6-10-17-23,0.299596,0.440858
Garden,local3,10-12-14-19-20,0.531445,0.693199
Playground,local3,0-1-11-18-24,0.405832,0.567162
Meeting_room,local3,2-4-8-10-13,0.519842,0.678453
Pots,local3,1-6-13-18-19,0.557203,0.710588
Lounge,local3,8-12-16-18-19,0.470230,0.633913
Porch,local3,2-6-14-20-22,0.531854,0.682457
Cantina,local3,1-3-10-14-18,0.512390,0.669314
Lunch_room,local3,1-3-6-17-23,0.359400,0.506335
Meeting_room,local3,2-3-8-9-16,0.520188,0.679485
Pots,local3,1-12-13-14-17,0.562288,0.713988
Garden,local3,10-14-16-19-23,0.511225,0.675164
Playground,local3,2-9-11-12-16,0.350693,0.492690
Lounge,local3,1-6-15-19-24,0.455684,0.622034
Cantina,restart3,0-8-16-19-21,0.473221,0.632680
Porch,local3,5-6-9-11-20,0.572959,0.721831
Lunch_room,local3,1-3-17-18-23,0.332444,0.478723
Meeting_room,local3,4-10-11-13-18,0.490001,0.649333
Pots,local3,9-10-17-19-22,0.554632,0.710643
Garden,local3,10-11-14-16-19,0.513939,0.677363
Playground,restart3,0-5-6-8-14,0.423327,0.580798
Lounge,local3,6-17-18-19-21,0.523149,0.684832
Cantina,local3,8-10-16-19-21,0.487985,0.646349
Meeting_room,local3,2-4-8-10-15,0.532016,0.690232
Porch,local3,6-9-11-16-20,0.510651,0.657300
Lunch_room,local3,0-1-3-17-23,0.343554,0.492670
Pots,local3,1-3-4-14-19,0.576075,0.722519
Playground,local3,0-5-6-8-15,0.424287,0.581692
Garden,local3,10-12-16-19-22,0.525029,0.687536
Lounge,local3,7-9-17-18-21,0.463860,0.631046
Meeting_room,local3,2-3-8-11-22,0.506944,0.668621
Cantina,local3,0-8-10-16-21,0.488712,0.645846
Porch,local3,5-9-19-20-21,0.553733,0.705800
Pots,local3,1-9-17-22-24,0.592913,0.740816
Lunch_room,local3,6-17-18-20-21,0.359644,0.504309
Playground,local3,0-5-6-8-19,0.375312,0.519715
Garden,local3,3-12-14-16-19,0.506083,0.671397
Lounge,local3,6-8-16-17-19,0.473959,0.638014
Meeting_room,local3,2-4-10-15-24,0.533465,0.691530
Cantina,local3,8-10-14-16-21,0.494716,0.652403
Porch,local3,2-4-5-11-20,0.525978,0.683665
Pots,local3,3-14-16-17-19,0.581560,0.728824
Lunch_room,local3,1-6-17-18-21,0.360669,0.505486
Playground,local3,0-6-8-15-19,0.429349,0.587245
Lounge,local3,1-4-11-18-19,0.521485,0.682469
Garden,local3,2-14-15-16-19,0.517159,0.680256
Meeting_room,local3,4-10-15-22-24,0.523028,0.681213
Cantina,local3,8-10-16-17-21,0.501168,0.658271
Porch,local3,3-9-11-18-20,0.509153,0.658021
Pots,local3,1-12-13-15-19,0.569916,0.720534
Lounge,local3,4-6-9-17-19,0.458596,0.626407
Playground,local3,0-6-15-16-19,0.417169,0.574739
Lunch_room,local3,1-5-13-17-21,0.390944,0.540195
Cantina,local3,2-8-13-16-23,0.482835,0.643064
Meeting_room,local3,2-4-9-15-22,0.537335,0.694018
Garden,local3,6-10-11-14-19,0.515025,0.678654
Porch,local3,7-11-18-19-20,0.451126,0.612764
Lounge,local3,6-11-13-17-19,0.533423,0.693667
Pots,local3,2-9-17-23-24,0.584449,0.735564
Playground,local3,0-8-9-12-17,0.381813,0.542346
Cantina,local3,10-16-17-19-21,0.494216,0.652818
Lunch_room,local3,1-5-11-13-17,0.381861,0.533536
Meeting_room,local3,2-9-15-17-22,0.517086,0.677747
Lounge,local3,6-11-18-19-21,0.531703,0.692200
Garden,local3,2-5-10-14-22,0.521489,0.684440
Porch,local3,6-9-15-19-20,0.510822,0.661123
Pots,local3,9-17-19-23-24,0.558413,0.713090
Playground,local3,0-6-15-19-21,0.429664,0.587176
Cantina,local3,8-9-17-22-23,0.485044,0.640052
Meeting_room,local3,2-4-9-17-22,0.529951,0.687785
Lunch_room,local3,1-2-15-20-21,0.383638,0.531958
Lounge,local3,9-11-17-18-19,0.468814,0.635877
Pots,local3,1-8-9-19-24,0.592806,0.740315
Garden,local3,8-11-12-14-16,0.488893,0.654697
Playground,local3,8-13-15-19-21,0.285952,0.432026
Porch,local3,1-5-9-14-18,0.554621,0.699545
Lunch_room,local3,5-13-17-19-20,0.372470,0.531626
Meeting_room,local3,2-9-10-15-22,0.529653,0.688603
Cantina,local3,0-16-17-19-24,0.433783,0.593498
Lounge,local3,5-6-11-12-18,0.518416,0.680119
Pots,local3,1-9-10-19-24,0.606816,0.751093
Garden,local3,3-10-11-12-16,0.501251,0.666809
Playground,local3,6-13-15-19-21,0.344955,0.501114
Lounge,local3,6-11-15-17-18,0.525855,0.686859
Porch,local3,5-6-11-13-20,0.504167,0.664656
Meeting_room,local3,2-13-15-16-22,0.458055,0.624000
Lunch_room,local3,1-13-17-21-23,0.347687,0.495084
Cantina,local3,8-10-13-16-21,0.503456,0.660213
Pots,local3,1-4-8-13-19,0.554770,0.706034
Garden,local3,6-10-16-17-24,0.503303,0.667828
Playground,local3,0-6-17-19-21,0.434693,0.592885
Lounge,local3,3-7-10-17-18,0.497953,0.662452
Meeting_room,local3,0-2-4-9-15,0.504564,0.665896
Porch,local3,2-6-9-11-20,0.520923,0.662589
Pots,local3,1-9-15-21-22,0.585552,0.734480
Cantina,local3,13-16-17-18-21,0.486263,0.647964
Lunch_room,local3,5-13-17-21-22,0.367906,0.519142
Playground,local3,1-6-17-19-21,0.433945,0.592818
Garden,local3,9-12-14-16-19,0.491164,0.658031
Lounge,local3,6-17-18-19-23,0.509659,0.672754
Meeting_room,local3,2-4-15-17-22,0.497911,0.658351
Porch,local3,3-6-9-11-16,0.520234,0.662752
Cantina,local3,1-10-13-16-21,0.481076,0.639623
Pots,local3,9-13-17-19-24,0.553258,0.709691
Playground,local3,6-11-17-19-21,0.375630,0.535812
Lounge,local3,9-13-17-18-23,0.448505,0.617229
Lunch_room,local3,5-13-17-18-21,0.371695,0.526871
Garden,local3,10-12-14-16-21,0.527895,0.689786
Meeting_room,local3,2-9-15-22-23,0.521221,0.679924
Porch,local3,5-6-11-20-22,0.545880,0.702242
Cantina,local3,10-12-13-16-21,0.458483,0.616875
Pots,local3,2-6-9-13-24,0.538091,0.697820
Playground,local3,0-6-10-17-19,0.434382,0.590657
Lounge,local3,5-9-17-19-24,0.476501,0.642731
Meeting_room,local3,4-9-13-15-17,0.497144,0.655740
Garden,local3,8-10-14-19-24,0.467464,0.635192
Lunch_room,local3,13-17-20-21-22,0.332590,0.479779
Porch,local3,5-8-9-11-20,0.567444,0.712232
Cantina,local3,3-8-10-14-21,0.488987,0.647764
Pots,local3,1-5-9-17-19,0.587161,0.736311
Playground,local3,0-6-13-16-17,0.427706,0.585258
Lounge,local3,2-6-10-18-19,0.470082,0.635238
Meeting_room,local3,3-4-9-15-22,0.496572,0.657491
Garden,local3,10-12-17-18-19,0.535901,0.696694
Lunch_room,local3,6-9-13-17-21,0.326341,0.467950
Porch,local3,5-9-11-17-20,0.585949,0.729624
Pots,local3,6-12-17-19-24,0.495465,0.657914
Cantina,local3,0-7-10-12-16,0.449890,0.608445
Printing_area,uniform_off,0-5-10-15-20,0.515175,0.676110
Meeting_room,local3,5-10-11-15-22,0.500739,0.662091
Playground,local3,6-17-18-21-24,0.446099,0.602197
Garden,local3,12-13-14-16-19,0.512069,0.676501
Porch,local3,5-7-9-17-21,0.439782,0.603391
Lunch_room,local3,1-5-6-17-21,0.396188,0.543895
Cantina,local3,5-8-10-13-16,0.477173,0.633537
Pots,local3,1-11-17-19-24,0.590343,0.736880
Printing_area,uniform_off,1-6-11-16-21,0.532638,0.691687
Zen,uniform_off,0-5-10-15-20,0.473936,0.638705
Playground,local3,3-13-20-21-24,0.403700,0.555871
Garden,local3,10-11-12-14-16,0.516844,0.679899
Porch,local3,5-11-17-20-23,0.603294,0.747188
Cantina,local3,8-10-13-18-21,0.446530,0.596420
Printing_area,uniform_off,2-7-12-17-22,0.529944,0.689187
Pots,local3,1-9-10-17-19,0.603553,0.748659
Lunch_room,local3,4-5-15-16-21,0.306691,0.444682
Zen,uniform_off,1-6-11-16-21,0.395992,0.565445
Playground,local3,6-13-17-18-24,0.375819,0.530423
Garden,local3,10-14-16-19-24,0.518767,0.681761
Porch,local3,5-11-16-17-23,0.581710,0.726151
Printing_area,uniform_off,3-8-13-18-23,0.504909,0.667463
Cantina,local3,5-8-10-16-21,0.483727,0.643933
Pots,local3,1-9-17-21-24,0.593173,0.739899
Zen,uniform_off,2-7-12-17-22,0.451377,0.618780
Lunch_room,local3,1-5-6-14-21,0.401887,0.548493
Playground,local3,6-17-18-19-21,0.436333,0.591701
Garden,local3,7-10-14-16-19,0.510635,0.674070
Porch,local3,0-4-5-11-19,0.445026,0.611692
Printing_area,uniform_off,4-9-14-19-24,0.426906,0.585605
Cantina,local3,8-10-15-16-19,0.498884,0.654250
Pots,local3,1-9-18-19-23,0.605525,0.750789
Zen,uniform_off,3-8-13-18-23,0.357259,0.506319
Playground,local3,6-17-21-22-24,0.373789,0.533912
Lunch_room,local3,5-6-8-9-14,0.335640,0.475063
Garden,local3,10-16-19-21-22,0.505436,0.670130
Porch,local3,3-16-17-20-23,0.439767,0.597139
Cantina,local3,8-10-13-14-21,0.449796,0.601979
Pots,local3,1-17-19-20-24,0.585279,0.731240
Zen,uniform_off,4-9-14-19-24,0.351220,0.504291
Playground,local3,7-8-17-18-21,0.325462,0.484152
Lunch_room,local3,5-6-9-14-21,0.341061,0.480930
Garden,local3,2-10-15-19-21,0.517214,0.680419
Porch,local3,3-5-17-18-23,0.384968,0.538034
Cantina,local3,8-13-16-19-21,0.489635,0.650015
Playground,local3,6-12-17-18-21,0.373532,0.532583
Garden,local3,9-11-12-14-19,0.498051,0.664206
Porch,local3,5-11-12-20-23,0.543060,0.688782
Lunch_room,local3,0-1-6-14-21,0.365074,0.507947
Playground,local3,3-6-14-18-20,0.348256,0.502697
Porch,local3,1-13-14-17-20,0.535950,0.685078
Lunch_room,local3,1-3-5-14-19,0.396457,0.549089
Porch,local3,3-5-11-20-23,0.486058,0.648631
Lunch_room,local3,1-6-7-14-21,0.365074,0.507735
Printing_area,local3,1-7-8-20-21,0.502748,0.663852
Lunch_room,local3,1-6-14-15-21,0.371698,0.515256
Printing_area,local3,1-8-11-16-24,0.540646,0.696520
Zen,local3,0-5-11-15-20,0.480487,0.645654
Printing_area,local3,1-8-16-20-24,0.539863,0.696596
Lunch_room,local3,1-5-6-14-24,0.400319,0.548152
Zen,local3,0-5-14-15-20,0.470031,0.634629
Printing_area,local3,1-11-12-20-24,0.583771,0.731943
Lunch_room,local3,1-5-6-8-21,0.401799,0.548113
Printing_area,local3,1-11-12-20-22,0.576753,0.726507
Zen,local3,0-1-5-11-15,0.472514,0.638641
Lunch_room,local3,1-5-16-20-21,0.390833,0.542974
Printing_area,local3,3-8-11-23-24,0.505017,0.666426
Zen,local3,0-4-9-11-15,0.344954,0.493366
Lunch_room,local3,1-6-10-13-21,0.375991,0.520115
Printing_area,local3,1-3-12-20-24,0.543694,0.699643
Zen,local3,0-11-15-17-20,0.448380,0.616998
Printing_area,local3,4-11-12-20-23,0.535319,0.689102
Lunch_room,local3,6-7-10-21-24,0.246564,0.373613
Zen,local3,0-5-11-20-23,0.487630,0.652228
Printing_area,local3,1-8-11-12-24,0.565901,0.717704
Zen,local3,0-5-11-20-24,0.479241,0.644156
Lunch_room,local3,4-6-14-21-24,0.268233,0.396134
Printing_area,local3,10-11-12-20-24,0.562928,0.710432
Zen,local3,0-1-11-16-23,0.481648,0.647499
Lunch_room,local3,5-6-12-14-21,0.318906,0.462871
Printing_area,local3,1-11-16-20-24,0.584357,0.735702
Zen,local3,5-11-17-20-23,0.480002,0.643731
Printing_area,local3,3-6-11-20-21,0.519088,0.679507
Lunch_room,local3,1-5-6-9-14,0.403157,0.549973
Zen,local3,0-5-6-11-14,0.424048,0.592246
Printing_area,local3,1-16-21-23-24,0.548134,0.705565
Lunch_room,local3,0-6-9-11-14,0.359602,0.506721
Zen,local3,11-12-16-18-20,0.516889,0.677735
Printing_area,local3,1-11-16-21-24,0.568430,0.722632
Zen,local3,11-12-13-16-24,0.426202,0.579309
Lunch_room,local3,3-6-9-14-19,0.276130,0.413910
Printing_area,local3,11-16-18-20-24,0.552099,0.706419
Zen,local3,4-11-12-16-18,0.391159,0.544839
Printing_area,local3,1-4-12-16-20,0.497494,0.658363
Lunch_room,local3,1-4-5-9-20,0.386797,0.533675
Printing_area,local3,2-11-16-20-24,0.568778,0.722457
Zen,local3,6-10-15-18-20,0.353902,0.519960
Lunch_room,local3,1-5-6-14-16,0.396672,0.545357
Printing_area,local3,6-11-16-20-24,0.554751,0.709334
Zen,local3,1-11-12-16-20,0.501019,0.662541
Lunch_room,local3,1-6-14-19-22,0.372151,0.520586
Printing_area,local3,1-12-16-20-24,0.587419,0.736813
Zen,local3,1-11-12-16-18,0.513538,0.675110
Printing_area,local3,1-4-16-20-24,0.485615,0.646688
Zen,local3,1-8-11-14-20,0.481328,0.648087
Printing_area,local3,5-10-16-17-24,0.539838,0.696087
Zen,local3,12-16-18-20-21,0.462184,0.624329
Printing_area,local3,1-12-17-20-24,0.577029,0.727909
Zen,local3,5-11-16-18-20,0.472527,0.633761
Printing_area,local3,1-8-12-20-22,0.561903,0.714986
Zen,local3,12-13-16-18-20,0.404128,0.557472
Printing_area,local3,1-8-12-16-20,0.555897,0.710351
Zen,local3,10-11-16-18-20,0.506249,0.667307
Printing_area,local3,0-1-2-15-24,0.383802,0.541089
Zen,local3,8-11-12-16-18,0.465038,0.626478
Printing_area,local3,11-12-16-20-24,0.567120,0.715739
Printing_area,local3,12-15-16-22-24,0.542376,0.696420
Zen,local3,9-11-12-16-18,0.502347,0.665947
Printing_area,local3,3-5-12-16-20,0.528481,0.687565
Zen,local3,7-8-16-20-22,0.429132,0.591300
Printing_area,local3,1-12-16-22-24,0.557433,0.710965
Zen,local3,11-16-17-18-20,0.471837,0.637436
Printing_area,local3,1-12-16-21-24,0.568226,0.721415
Zen,local3,9-12-16-18-20,0.504412,0.667899
Printing_area,local3,3-8-12-16-20,0.527170,0.686528
Zen,local3,8-10-11-16-20,0.457822,0.620963
Printing_area,local3,2-13-16-22-24,0.547371,0.704366
Zen,local3,1-11-12-18-20,0.508491,0.669415
Printing_area,local3,1-14-18-20-24,0.570168,0.723181
Zen,local3,11-16-18-20-22,0.498419,0.663074
Printing_area,local3,1-5-12-16-24,0.550822,0.707340
Zen,local3,12-16-18-19-23,0.469641,0.632685
Printing_area,local3,1-12-20-23-24,0.569234,0.719397
Printing_area,local3,3-12-16-20-24,0.551851,0.707237
Zen,local3,9-11-16-18-20,0.503107,0.667375
Printing_area,local3,1-10-15-17-24,0.546782,0.704645
Zen,local3,3-11-12-16-18,0.477681,0.637057
Printing_area,local3,1-12-16-23-24,0.573187,0.725067
Zen,local3,12-14-16-18-20,0.469192,0.633786
Printing_area,local3,1-12-15-16-24,0.573335,0.726605
Zen,local3,12-16-18-19-20,0.468249,0.631452
Printing_area,local3,12-16-20-21-24,0.562341,0.713563
Zen,local3,6-12-16-18-20,0.359722,0.524656
Printing_area,local3,1-12-16-20-22,0.574029,0.725091
Zen,local3,6-8-16-18-20,0.342194,0.502148
Printing_area,local3,1-16-20-22-24,0.551285,0.708254
Zen,local3,9-11-12-18-21,0.474154,0.639725
Printing_area,local3,1-9-11-20-24,0.551037,0.705195
Zen,local3,7-11-12-14-15,0.435301,0.604804
Printing_area,local3,1-12-16-20-21,0.582229,0.732722
Zen,local3,11-12-16-17-20,0.512555,0.673687
Printing_area,local3,16-17-20-23-24,0.528878,0.687123
Zen,local3,3-8-12-16-18,0.438166,0.592968
Printing_area,local3,1-12-19-20-24,0.582094,0.730065
Zen,local3,1-10-12-18-20,0.495242,0.657871
Printing_area,local3,1-7-12-16-20,0.559954,0.715236
Printing_area,local3,1-4-12-20-22,0.489350,0.649276
Zen,local3,8-10-12-16-18,0.453225,0.613376
Printing_area,local3,1-10-12-16-24,0.582527,0.734081
Zen,local3,10-11-12-16-18,0.488865,0.649239
Printing_area,local3,1-3-9-12-16,0.458940,0.613602
Zen,local3,11-12-14-16-20,0.505599,0.665831
Printing_area,local3,0-12-16-20-24,0.545380,0.701755
Zen,local3,0-16-18-20-23,0.471770,0.635619
Printing_area,local3,0-1-12-20-21,0.497916,0.660333
Zen,local3,5-11-16-17-24,0.456764,0.618446
Printing_area,local3,1-3-12-17-21,0.484703,0.640170
Zen,local3,12-16-18-19-21,0.460307,0.622794
Printing_area,local3,1-11-17-20-24,0.573587,0.726551
Zen,local3,11-16-18-20-23,0.512956,0.675600
Printing_area,local3,0-1-14-18-20,0.435793,0.597482
Zen,local3,1-12-16-18-20,0.495261,0.659206
Printing_area,local3,1-8-10-12-16,0.557075,0.711215
Zen,local3,11-14-16-18-20,0.515013,0.676988
Printing_area,local3,1-11-12-16-24,0.583852,0.735014
Zen,local3,1-2-3-12-18,0.449906,0.610565
Printing_area,local3,1-3-6-10-24,0.491609,0.651607
Printing_area,local3,1-7-10-20-24,0.533754,0.690823
Zen,local3,6-7-11-20-22,0.357340,0.522609
Printing_area,local3,1-7-12-16-24,0.532817,0.691121
Zen,local3,4-11-16-18-20,0.390566,0.545723
Printing_area,local3,1-12-16-17-20,0.576622,0.729321
Zen,local3,8-11-12-18-20,0.469798,0.631822
Printing_area,local3,1-10-18-20-24,0.561700,0.717464
Zen,local3,0-2-11-12-21,0.490944,0.656784
Printing_area,local3,3-11-16-22-24,0.517202,0.677036
Zen,local3,12-16-20-22-24,0.475701,0.640355
Printing_area,local3,1-12-13-20-24,0.587502,0.734657
Zen,local3,9-10-12-16-19,0.462022,0.628486
Printing_area,local3,1-12-13-20-21,0.579714,0.728757
Zen,local3,2-6-12-18-20,0.400869,0.569421
Printing_area,local3,1-5-12-20-24,0.550995,0.704758
Zen,local3,9-18-19-20-21,0.471428,0.638159
Printing_area,local3,1-6-12-13-20,0.541982,0.697689
Printing_area,local3,1-13-20-23-24,0.553832,0.705002
Zen,local3,5-11-12-16-18,0.473169,0.634494
Printing_area,local3,11-12-13-16-18,0.550664,0.701396
Zen,local3,2-8-11-12-20,0.506261,0.669638
Printing_area,local3,1-12-13-22-24,0.560850,0.713238
Zen,restart3,2-10-12-13-22,0.374012,0.523114
Printing_area,local3,12-13-20-23-24,0.546984,0.694887
Zen,local3,5-9-12-13-17,0.417515,0.570933
Printing_area,local3,1-11-12-16-18,0.574011,0.727257
Zen,local3,8-9-13-16-18,0.399099,0.549055
Printing_area,local3,1-7-10-17-20,0.537234,0.695918
Zen,local3,5-9-10-12-13,0.416093,0.571165
Printing_area,local3,3-5-7-12-13,0.520694,0.679772
Zen,local3,5-12-13-17-23,0.420639,0.572109
Printing_area,local3,1-9-11-12-21,0.548377,0.702728
Zen,local3,5-13-16-17-23,0.412821,0.561466
Printing_area,local3,0-7-10-13-24,0.486900,0.647572
Zen,local3,0-5-13-23-24,0.410583,0.563542
Printing_area,local3,1-4-12-20-24,0.498208,0.657809
Zen,local3,5-6-12-13-18,0.346499,0.500820
Printing_area,local3,6-14-19-20-24,0.526095,0.680599
Zen,local3,5-9-12-13-23,0.412698,0.566518
Printing_area,local3,4-7-12-13-24,0.485377,0.643940
Printing_area,local3,1-3-13-22-24,0.517287,0.673547
Zen,local3,5-10-13-17-23,0.423548,0.575985
Printing_area,local3,8-11-12-20-24,0.539625,0.690120
Zen,local3,1-7-10-13-16,0.394427,0.552828
Printing_area,local3,7-11-12-13-17,0.542587,0.693128
Zen,local3,5-10-15-17-23,0.456908,0.619362
Printing_area,local3,4-5-13-20-21,0.509847,0.667459
Zen,local3,5-9-15-17-22,0.445200,0.608465
Printing_area,local3,12-13-15-20-24,0.546963,0.694985
Zen,local3,7-13-15-17-23,0.374603,0.530423
Printing_area,local3,6-12-13-20-24,0.551830,0.702847
Zen,local3,4-5-10-15-23,0.375949,0.527497
Printing_area,local3,4-12-13-20-24,0.534919,0.688912
Zen,local3,1-9-12-15-23,0.448608,0.612584
Printing_area,local3,7-12-13-20-24,0.552438,0.700790
Zen,local3,1-5-10-15-23,0.480741,0.645731
Printing_area,local3,1-3-7-12-20,0.507696,0.665436
Zen,local3,1-10-15-16-23,0.475707,0.640346
Printing_area,local3,1-2-12-20-23,0.556872,0.712650
Zen,local3,1-9-10-16-23,0.459276,0.624510
Printing_area,local3,6-10-12-14-20,0.543957,0.695735
Printing_area,local3,1-5-18-20-24,0.515313,0.676548
Zen,local3,1-3-5-15-23,0.449688,0.610958
Printing_area,local3,1-10-12-13-23,0.566634,0.718956
Zen,local3,1-2-5-10-23,0.489764,0.652655
Printing_area,local3,12-13-14-20-24,0.563842,0.709471
Zen,local3,1-5-7-10-13,0.412720,0.568949
Printing_area,local3,9-12-13-20-24,0.558355,0.706205
Zen,local3,2-5-9-10-22,0.514462,0.676981
Printing_area,local3,1-13-14-20-24,0.577672,0.724053
Zen,local3,1-4-9-10-19,0.287514,0.424944
Printing_area,local3,12-13-15-20-21,0.542451,0.691060
Zen,local3,2-4-5-14-19,0.423736,0.582842
Printing_area,local3,1-8-13-14-22,0.547814,0.701789
Zen,local3,5-9-10-12-22,0.481528,0.645845
Printing_area,local3,1-11-13-20-24,0.572233,0.721841
Zen,local3,0-2-5-9-14,0.486075,0.651004
Printing_area,local3,12-13-14-18-22,0.535092,0.685283
Printing_area,local3,12-13-19-22-24,0.540922,0.690352
Zen,local3,2-4-5-9-22,0.403214,0.555269
Zen,local3,2-5-10-16-22,0.490371,0.653662
Zen,local3,1-5-7-9-23,0.469907,0.635215
Zen,local3,2-9-10-15-22,0.464524,0.626851
Zen,local3,2-3-4-9-10,0.356312,0.506475
Zen,local3,2-3-5-10-22,0.467478,0.628653
Zen,local3,2-5-9-12-22,0.513043,0.675600
Zen,local3,0-2-5-10-22,0.477256,0.642438
Zen,local3,1-2-9-10-22,0.456505,0.619483
Zen,local3,2-5-10-19-22,0.494077,0.658427
Zen,local3,2-10-11-21-22,0.485565,0.648029
Zen,local3,4-5-9-10-12,0.341548,0.492331
