scene,method,budget,seed,miou_selected,f1_selected,miou_query,f1_query
Instance_1/Cantina,all,25,0,0.5013022422790527,0.6575753688812256,0.5653799176216125,0.7156063914299011
Instance_1/Cantina,uniform,3,0,0.44731393456459045,0.6165803074836731,0.43014734983444214,0.5871390104293823
Instance_1/Cantina,nbv,3,0,0.5182304382324219,0.6675425171852112,0.4078289270401001,0.5700483918190002
Instance_1/Cantina,random,3,0,0.3538723289966583,0.5222544074058533,0.25840136408805847,0.39684563875198364
Instance_1/Cantina,random,3,1,0.588266909122467,0.7380263805389404,0.4540710151195526,0.6135258674621582
Instance_1/Cantina,uniform,5,0,0.5032833218574524,0.6638281941413879,0.47071540355682373,0.6325848698616028
Instance_1/Cantina,nbv,5,0,0.5236400365829468,0.6773492693901062,0.446371465921402,0.610818088054657
Instance_1/Cantina,random,5,0,0.35334688425064087,0.5209223031997681,0.3326144516468048,0.48781004548072815
Instance_1/Cantina,random,5,1,0.4780581593513489,0.6396805047988892,0.49302512407302856,0.6554101705551147
Instance_1/Garden,all,25,0,0.4781491160392761,0.6383030414581299,0.44422686100006104,0.6037321090698242
Instance_1/Garden,uniform,3,0,0.4998929500579834,0.6546520590782166,0.39394333958625793,0.5623838305473328
Instance_1/Garden,nbv,3,0,0.5026101469993591,0.6653110384941101,0.4994547367095947,0.6653916835784912
Instance_1/Garden,random,3,0,0.5603161454200745,0.7142391800880432,0.5134683847427368,0.6777254343032837
Instance_1/Garden,random,3,1,0.42159008979797363,0.5925269722938538,0.43512076139450073,0.6025840640068054
Instance_1/Garden,uniform,5,0,0.5149534940719604,0.6742104887962341,0.5056765079498291,0.6709047555923462
Instance_1/Garden,nbv,5,0,0.48488521575927734,0.6503732800483704,0.4985266923904419,0.6644711494445801
Instance_1/Garden,random,5,0,0.5226696729660034,0.6817256212234497,0.5136987566947937,0.6776033639907837
Instance_1/Garden,random,5,1,0.4387570321559906,0.5960605144500732,0.4341839849948883,0.6023217439651489
Instance_1/Lounge,all,25,0,0.5264671444892883,0.6775882840156555,0.5346099734306335,0.6911781430244446
Instance_1/Lounge,uniform,3,0,0.5734624266624451,0.7288873195648193,0.5723416805267334,0.7273727655410767
Instance_1/Lounge,nbv,3,0,0.5582160949707031,0.7142216563224792,0.5009470582008362,0.6657276749610901
Instance_1/Lounge,random,3,0,0.5578174591064453,0.7154616713523865,0.5184398889541626,0.6802867650985718
Instance_1/Lounge,random,3,1,0.6182260513305664,0.7639382481575012,0.5458933115005493,0.703633725643158
Instance_1/Lounge,uniform,5,0,0.5843995809555054,0.7373340129852295,0.5811772346496582,0.7347063422203064
Instance_1/Lounge,nbv,5,0,0.4882082939147949,0.6497851610183716,0.47987425327301025,0.6469587683677673
Instance_1/Lounge,random,5,0,0.49309808015823364,0.6548603773117065,0.4898830056190491,0.6537418365478516
Instance_1/Lounge,random,5,1,0.622068464756012,0.7654571533203125,0.5540465712547302,0.7116630673408508
Instance_1/Lunch_room,all,25,0,0.3848434388637543,0.536365270614624,0.3713957667350769,0.5264613032341003
Instance_1/Lunch_room,uniform,3,0,0.4406295716762543,0.6077677607536316,0.25647029280662537,0.38626375794410706
Instance_1/Lunch_room,nbv,3,0,0.34931692481040955,0.5149237513542175,0.21266350150108337,0.3305492401123047
Instance_1/Lunch_room,random,3,0,0.35916340351104736,0.5108426809310913,0.3566199839115143,0.5097930431365967
Instance_1/Lunch_room,random,3,1,0.584987223148346,0.7210021018981934,0.2998425364494324,0.43085089325904846
Instance_1/Lunch_room,uniform,5,0,0.46319645643234253,0.6015652418136597,0.3599482476711273,0.5015722513198853
Instance_1/Lunch_room,nbv,5,0,0.27309656143188477,0.4172166883945465,0.24816057085990906,0.37968650460243225
Instance_1/Lunch_room,random,5,0,0.3939729332923889,0.552762508392334,0.3593020737171173,0.5124409198760986
Instance_1/Lunch_room,random,5,1,0.3670126497745514,0.505905270576477,0.34868526458740234,0.5030686855316162
Instance_1/Meeting_room,all,25,0,0.49607616662979126,0.6584085822105408,0.5156073570251465,0.6762415170669556
Instance_1/Meeting_room,uniform,3,0,0.4391902983188629,0.6087736487388611,0.43799105286598206,0.6013126969337463
Instance_1/Meeting_room,nbv,3,0,0.5434686541557312,0.7000918388366699,0.5060393810272217,0.6666609048843384
Instance_1/Meeting_room,random,3,0,0.47895121574401855,0.6438124775886536,0.4085644483566284,0.5723640322685242
Instance_1/Meeting_room,random,3,1,0.583549439907074,0.7364699244499207,0.3559063971042633,0.506838321685791
Instance_1/Meeting_room,uniform,5,0,0.481096088886261,0.6449101567268372,0.48583611845970154,0.6500244140625
Instance_1/Meeting_room,nbv,5,0,0.5184449553489685,0.6774285435676575,0.5212961435317993,0.6808313131332397
Instance_1/Meeting_room,random,5,0,0.49676942825317383,0.6602079272270203,0.44004425406455994,0.6045515537261963
Instance_1/Meeting_room,random,5,1,0.5058161616325378,0.6696075201034546,0.4957934319972992,0.6577918529510498
Instance_1/Playground,all,25,0,0.38767486810684204,0.5422364473342896,0.35915982723236084,0.5153425931930542
Instance_1/Playground,uniform,3,0,0.5036864876747131,0.6522989273071289,0.3962192237377167,0.5549400448799133
Instance_1/Playground,nbv,3,0,0.5432475805282593,0.6937338709831238,0.3953477144241333,0.550916850566864
Instance_1/Playground,random,3,0,0.40980347990989685,0.5653018355369568,0.2767592966556549,0.4052049219608307
Instance_1/Playground,random,3,1,0.2533874809741974,0.4020595848560333,0.19584472477436066,0.32415932416915894
Instance_1/Playground,uniform,5,0,0.49934983253479004,0.6570330858230591,0.42595669627189636,0.5828135013580322
Instance_1/Playground,nbv,5,0,0.4257773756980896,0.5747019052505493,0.42411530017852783,0.5818610191345215
Instance_1/Playground,random,5,0,0.3502882719039917,0.5029721260070801,0.36444756388664246,0.5204090476036072
Instance_1/Playground,random,5,1,0.29476889967918396,0.43665480613708496,0.3286571502685547,0.4802105724811554
Instance_1/Porch,all,25,0,0.5684969425201416,0.7166253924369812,0.6040124297142029,0.7454534769058228
Instance_1/Porch,uniform,3,0,0.5628572106361389,0.7173879742622375,0.3766070604324341,0.5254984498023987
Instance_1/Porch,nbv,3,0,0.4906677305698395,0.6500985622406006,0.26454100012779236,0.39487209916114807
Instance_1/Porch,random,3,0,0.5476338267326355,0.6900585293769836,0.5072381496429443,0.6612930297851562
Instance_1/Porch,random,3,1,0.4953496754169464,0.6543808579444885,0.37952473759651184,0.5386613607406616
Instance_1/Porch,uniform,5,0,0.5377227067947388,0.6939257383346558,0.4507150948047638,0.6090352535247803
Instance_1/Porch,nbv,5,0,0.3934093117713928,0.5487082600593567,0.318604052066803,0.46684691309928894
Instance_1/Porch,random,5,0,0.6154922842979431,0.7489880323410034,0.5572386980056763,0.7044435143470764
Instance_1/Porch,random,5,1,0.5895129442214966,0.7343543767929077,0.43685513734817505,0.5949017405509949
Instance_1/Pots,all,25,0,0.6032630801200867,0.7494121789932251,0.6115979552268982,0.7554988265037537
Instance_1/Pots,uniform,3,0,0.652208149433136,0.788823664188385,0.6161548495292664,0.7602556347846985
Instance_1/Pots,nbv,3,0,0.5588014721870422,0.7142782807350159,0.5977873206138611,0.745974063873291
Instance_1/Pots,random,3,0,0.5469452738761902,0.7070422768592834,0.5614902973175049,0.7166884541511536
Instance_1/Pots,random,3,1,0.7134414315223694,0.831216037273407,0.5742701888084412,0.7239501476287842
Instance_1/Pots,uniform,5,0,0.6339163780212402,0.7730581760406494,0.6391867995262146,0.7781614661216736
Instance_1/Pots,nbv,5,0,0.5882269144058228,0.7379403114318848,0.635384202003479,0.7755926251411438
Instance_1/Pots,random,5,0,0.5846810936927795,0.7363467216491699,0.6155359148979187,0.7603719234466553
Instance_1/Pots,random,5,1,0.5975831151008606,0.7440422773361206,0.5894067883491516,0.7359364032745361
Instance_1/Printing_area,all,25,0,0.6080710887908936,0.7471239566802979,0.6866843700408936,0.811851441860199
Instance_1/Printing_area,uniform,3,0,0.5920304656028748,0.738543689250946,0.5897303223609924,0.7315837740898132
Instance_1/Printing_area,nbv,3,0,0.5452099442481995,0.6784479022026062,0.566575825214386,0.7201307415962219
Instance_1/Printing_area,random,3,0,0.6994805932044983,0.822365939617157,0.5606412291526794,0.7145969867706299
Instance_1/Printing_area,random,3,1,0.6942154765129089,0.816335916519165,0.6421906352043152,0.7687726020812988
Instance_1/Printing_area,uniform,5,0,0.6138302087783813,0.7557326555252075,0.5863214135169983,0.7301271557807922
Instance_1/Printing_area,nbv,5,0,0.5692617297172546,0.7086778879165649,0.6705883741378784,0.8005335927009583
Instance_1/Printing_area,random,5,0,0.6720777153968811,0.8028643727302551,0.6247443556785583,0.7658908367156982
Instance_1/Printing_area,random,5,1,0.6199023127555847,0.763184666633606,0.591594398021698,0.7330377697944641
Instance_1/Zen,all,25,0,0.47398626804351807,0.6081147193908691,0.536830723285675,0.6643891930580139
Instance_1/Zen,uniform,3,0,0.5177428722381592,0.6671940684318542,0.5091233253479004,0.6689903140068054
Instance_1/Zen,nbv,3,0,0.49004891514778137,0.6388259530067444,0.4570748805999756,0.6192024350166321
Instance_1/Zen,random,3,0,0.6348558068275452,0.772418737411499,0.5427952408790588,0.6999452710151672
Instance_1/Zen,random,3,1,0.19625306129455566,0.3101928234100342,0.4218828082084656,0.573255717754364
Instance_1/Zen,uniform,5,0,0.43822503089904785,0.5924545526504517,0.4251537024974823,0.5877029895782471
Instance_1/Zen,nbv,5,0,0.30680233240127563,0.40777379274368286,0.29463955760002136,0.4253635108470917
Instance_1/Zen,random,5,0,0.6349269151687622,0.7729074358940125,0.5508190393447876,0.7054636478424072
Instance_1/Zen,random,5,1,0.21319130063056946,0.3256669044494629,0.38424283266067505,0.5353544354438782
Instance_1/Cantina,nbv_dopt,3,0,0.3443237841129303,0.5088545680046082,0.2991667687892914,0.44076457619667053
Instance_1/Cantina,nbv_dopt,5,0,0.4039629399776459,0.5649765729904175,0.3720071315765381,0.5229762196540833
Instance_1/Garden,nbv_dopt,3,0,0.5031301975250244,0.6687396168708801,0.46056845784187317,0.6300946474075317
Instance_1/Garden,nbv_dopt,5,0,0.46908873319625854,0.6370712518692017,0.49362295866012573,0.6598899960517883
Instance_1/Lounge,nbv_dopt,3,0,0.4468872845172882,0.6115413904190063,0.5286654233932495,0.6894172430038452
Instance_1/Lounge,nbv_dopt,5,0,0.462331622838974,0.6283799409866333,0.5431956648826599,0.7002668976783752
Instance_1/Lunch_room,nbv_dopt,3,0,0.27464088797569275,0.41255345940589905,0.2402603179216385,0.3716036081314087
Instance_1/Lunch_room,nbv_dopt,5,0,0.3353199362754822,0.48616743087768555,0.3324861526489258,0.4808010458946228
Instance_1/Meeting_room,nbv_dopt,3,0,0.58573979139328,0.7312173247337341,0.5109193325042725,0.6690657138824463
Instance_1/Meeting_room,nbv_dopt,5,0,0.5825103521347046,0.7316239476203918,0.517932653427124,0.6756981611251831
Instance_1/Playground,nbv_dopt,3,0,0.39402469992637634,0.5543397068977356,0.3810984790325165,0.5328632593154907
Instance_1/Playground,nbv_dopt,5,0,0.40406689047813416,0.5682412385940552,0.39779624342918396,0.5500120520591736
Instance_1/Porch,nbv_dopt,3,0,0.6016289591789246,0.7427372932434082,0.4976261556148529,0.6408599615097046
Instance_1/Porch,nbv_dopt,5,0,0.6232495903968811,0.762210488319397,0.5302342772483826,0.6742280721664429
Instance_1/Pots,nbv_dopt,3,0,0.6307291984558105,0.7713587284088135,0.5329952836036682,0.6885198354721069
Instance_1/Pots,nbv_dopt,5,0,0.5769129991531372,0.7279631495475769,0.6037314534187317,0.7489354610443115
Instance_1/Printing_area,nbv_dopt,3,0,0.6767409443855286,0.7845602631568909,0.6008683443069458,0.7464114427566528
Instance_1/Printing_area,nbv_dopt,5,0,0.6868715286254883,0.8005781173706055,0.6114164590835571,0.7535310983657837
Instance_1/Zen,nbv_dopt,3,0,0.2506723999977112,0.33896979689598083,0.22074465453624725,0.33905503153800964
Instance_1/Zen,nbv_dopt,5,0,0.2244272232055664,0.3147740960121155,0.2858143746852875,0.42299026250839233
Instance_1/Cantina,uniform,2,0,0.40382808446884155,0.5746150016784668,0.3722315728664398,0.5309557914733887
Instance_1/Garden,uniform,2,0,0.5597311854362488,0.7063260078430176,0.34821876883506775,0.511147141456604
Instance_1/Lounge,uniform,2,0,0.542799711227417,0.7034390568733215,0.5315237641334534,0.6931764483451843
Instance_1/Lunch_room,uniform,2,0,0.4861110746860504,0.6517682075500488,0.2668464779853821,0.3968665599822998
Instance_1/Meeting_room,uniform,2,0,0.38173913955688477,0.550750195980072,0.35018616914749146,0.5129413604736328
Instance_1/Playground,uniform,2,0,0.6118042469024658,0.7591173648834229,0.35804998874664307,0.5165152549743652
Instance_1/Porch,uniform,2,0,0.5416315197944641,0.702064573764801,0.38395586609840393,0.5341442823410034
Instance_1/Pots,uniform,2,0,0.7009923458099365,0.8241854906082153,0.5959566235542297,0.7412717938423157
Instance_1/Printing_area,uniform,2,0,0.466086745262146,0.6083389520645142,0.39604559540748596,0.5523580312728882
Instance_1/Zen,uniform,2,0,0.5511447191238403,0.6880927085876465,0.46297699213027954,0.6256886124610901
Instance_1/Cantina,uniform,8,0,0.4576631784439087,0.6130274534225464,0.5064958333969116,0.6651650071144104
Instance_1/Garden,uniform,8,0,0.5063719153404236,0.667643129825592,0.502439558506012,0.6680989265441895
Instance_1/Lounge,uniform,8,0,0.5776669383049011,0.7319566011428833,0.5404943227767944,0.7006208300590515
Instance_1/Lunch_room,uniform,8,0,0.41331660747528076,0.577173113822937,0.34752655029296875,0.49565285444259644
Instance_1/Meeting_room,uniform,8,0,0.5083739757537842,0.6715117692947388,0.5270845890045166,0.6871590614318848
Instance_1/Playground,uniform,8,0,0.45830294489860535,0.6156333684921265,0.4180649220943451,0.5765455365180969
Instance_1/Porch,uniform,8,0,0.5162939429283142,0.6745508909225464,0.5273202657699585,0.6833580136299133
Instance_1/Pots,uniform,8,0,0.6158982515335083,0.7581764459609985,0.6167035102844238,0.757865309715271
Instance_1/Printing_area,uniform,8,0,0.5951483845710754,0.7436258792877197,0.5646856427192688,0.7123827338218689
Instance_1/Zen,uniform,8,0,0.39556342363357544,0.5310909748077393,0.4576437771320343,0.6125034093856812
Instance_1/Cantina,uniform,10,0,0.41123729944229126,0.5766160488128662,0.48307907581329346,0.6450591087341309
Instance_1/Garden,uniform,10,0,0.4756217896938324,0.6389626264572144,0.47136637568473816,0.636827290058136
Instance_1/Lounge,uniform,10,0,0.556197464466095,0.7106609344482422,0.5260268449783325,0.685118556022644
Instance_1/Lunch_room,uniform,10,0,0.41498786211013794,0.5709241628646851,0.3889658451080322,0.5434489250183105
Instance_1/Meeting_room,uniform,10,0,0.5041685104370117,0.6655092239379883,0.513089656829834,0.6742091178894043
Instance_1/Playground,uniform,10,0,0.41816073656082153,0.5725846290588379,0.4009755849838257,0.5576297044754028
Instance_1/Porch,uniform,10,0,0.4953838288784027,0.6554096341133118,0.5836568474769592,0.7304591536521912
Instance_1/Pots,uniform,10,0,0.6149802803993225,0.7594910860061646,0.6214609742164612,0.7634440064430237
Instance_1/Printing_area,uniform,10,0,0.6154437065124512,0.7520702481269836,0.6522510051727295,0.7848671674728394
Instance_1/Zen,uniform,10,0,0.4497981667518616,0.5757129192352295,0.47388336062431335,0.6086628437042236
Instance_1/Cantina,uniform,15,0,0.46791189908981323,0.6269957423210144,0.5457862615585327,0.6983058452606201
Instance_1/Garden,uniform,15,0,0.49430596828460693,0.6581794023513794,0.47596874833106995,0.6386518478393555
Instance_1/Lounge,uniform,15,0,0.5610666871070862,0.7181152701377869,0.5348936915397644,0.6950727105140686
Instance_1/Lunch_room,uniform,15,0,0.40548864006996155,0.5662307143211365,0.3615463674068451,0.5161985158920288
Instance_1/Meeting_room,uniform,15,0,0.5003154277801514,0.6630021333694458,0.5197710394859314,0.6807762384414673
Instance_1/Playground,uniform,15,0,0.39707186818122864,0.5525322556495667,0.3657805919647217,0.5222305059432983
Instance_1/Porch,uniform,15,0,0.546904981136322,0.7005211710929871,0.5752979516983032,0.7214677333831787
Instance_1/Pots,uniform,15,0,0.5956524014472961,0.7434313893318176,0.6148871779441833,0.7588564157485962
Instance_1/Printing_area,uniform,15,0,0.6115984320640564,0.7516974806785583,0.6340439319610596,0.7732885479927063
Instance_1/Zen,uniform,15,0,0.49382808804512024,0.6394479870796204,0.5413383841514587,0.6853163838386536
