scene,frame,n_with,marginal,a_v,ceiling_gap,ceil_gap_z,resid_std,best_with,mean_with
Cantina,0,130,-0.01412,-0.01448,0.07269,1.83059,0.01968,0.52280,0.47135
Cantina,1,147,-0.01833,-0.02704,0.07522,1.89428,0.01974,0.52027,0.46793
Cantina,2,101,-0.04240,-0.04386,0.09604,2.41857,0.02139,0.49945,0.44534
Cantina,3,219,0.00221,-0.00214,0.04598,1.15795,0.02288,0.54951,0.48553
Cantina,4,170,-0.02155,-0.01545,0.05883,1.48154,0.02568,0.53666,0.46561
Cantina,5,117,-0.02454,-0.02612,0.07386,1.85983,0.02562,0.52164,0.46188
Cantina,6,88,-0.04096,-0.03652,0.04895,1.23257,0.03136,0.54655,0.44615
Cantina,7,162,-0.01707,-0.01488,0.00689,0.17348,0.03138,0.58861,0.46926
Cantina,8,178,0.00859,0.00796,0.00997,0.25119,0.02327,0.58552,0.49093
Cantina,9,331,0.01627,0.01421,0.03563,0.89714,0.01980,0.55987,0.49504
Cantina,10,279,0.00393,0.00537,0.04598,1.15795,0.01937,0.54951,0.48667
Cantina,11,108,-0.03245,-0.03378,0.07574,1.90732,0.02370,0.51975,0.45456
Cantina,12,356,0.01607,0.01139,0.00000,0.00000,0.02704,0.59549,0.49452
Cantina,13,148,-0.01079,-0.00999,0.05897,1.48492,0.02457,0.53653,0.47446
Cantina,14,238,0.00214,0.00224,0.01798,0.45288,0.02559,0.57751,0.48543
Cantina,15,387,0.01697,0.01426,0.00000,0.00000,0.02601,0.59549,0.49464
Cantina,16,285,0.00940,0.00796,0.02494,0.62802,0.02249,0.57056,0.49068
Cantina,17,415,0.02328,0.01795,0.00000,0.00000,0.02284,0.59549,0.49808
Cantina,18,211,-0.00490,-0.00354,0.02571,0.64751,0.02551,0.56978,0.47982
Cantina,19,119,-0.01597,-0.01444,0.03686,0.92829,0.02494,0.55863,0.46956
Cantina,20,384,0.01932,0.01473,0.00000,0.00000,0.02609,0.59549,0.49620
Cantina,21,239,-0.00389,-0.00860,0.00000,0.00000,0.02959,0.59549,0.48074
Cantina,22,170,-0.00245,-0.00452,0.03394,0.85471,0.02122,0.56155,0.48170
Cantina,23,194,0.00104,-0.00214,0.01458,0.36718,0.02517,0.58091,0.48462
Cantina,24,214,-0.00143,-0.00081,0.00553,0.13938,0.02404,0.58996,0.48262
Garden,0,113,-0.01666,-0.02018,0.03211,1.27710,0.01094,0.52145,0.49710
Garden,1,511,0.01810,0.01271,0.00000,0.00000,0.01033,0.55356,0.52115
Garden,2,190,0.00350,0.00563,0.00000,0.00000,0.01088,0.55356,0.51481
Garden,3,102,-0.01718,-0.01773,0.00939,0.37351,0.01539,0.54417,0.49645
Garden,4,402,0.01066,0.00539,0.00000,0.00000,0.01154,0.55356,0.51848
Garden,5,207,0.00661,0.00533,0.00164,0.06504,0.01355,0.55192,0.51724
Garden,6,221,0.00419,0.00513,0.00168,0.06687,0.01095,0.55188,0.51525
Garden,7,338,0.01030,0.00783,0.00244,0.09694,0.00910,0.55112,0.51890
Garden,8,256,-0.00160,-0.00110,0.00484,0.19248,0.01245,0.54872,0.51074
Garden,9,109,-0.02503,-0.02528,0.02532,1.00725,0.01464,0.52823,0.48954
Garden,10,161,0.00144,-0.00061,0.00376,0.14940,0.01315,0.54980,0.51316
Garden,11,110,-0.00573,-0.00917,0.01519,0.60414,0.01230,0.53837,0.50682
Garden,12,131,0.00284,0.00292,0.00376,0.14940,0.01452,0.54980,0.51442
Garden,13,96,-0.02643,-0.02735,0.02319,0.92236,0.01474,0.53037,0.48796
Garden,14,349,0.00587,0.00320,0.00000,0.00000,0.01153,0.55356,0.51584
Garden,15,120,-0.00890,-0.00995,0.00990,0.39376,0.01474,0.54366,0.50408
Garden,16,263,0.00294,0.00201,0.00168,0.06687,0.01144,0.55188,0.51414
Garden,17,162,-0.00413,-0.00201,0.00826,0.32872,0.01097,0.54529,0.50845
Garden,18,266,0.00157,0.00206,0.00295,0.11714,0.01145,0.55061,0.51311
Garden,19,342,0.00591,0.00554,0.00000,0.00000,0.01139,0.55356,0.51591
Garden,20,241,-0.00252,-0.00028,0.00200,0.07944,0.01196,0.55156,0.51001
Garden,21,162,0.00529,0.00088,0.00375,0.14921,0.01003,0.54980,0.51641
Garden,22,128,-0.00995,-0.01179,0.01716,0.68262,0.01191,0.53639,0.50322
Garden,23,117,-0.04098,-0.03881,0.03200,1.27284,0.01469,0.52156,0.47558
Garden,24,103,-0.00729,-0.00685,0.00457,0.18178,0.01347,0.54899,0.50537
Lounge,0,543,0.02351,0.01901,0.00000,0.00000,0.01482,0.60509,0.57728
Lounge,1,399,0.01206,0.01053,0.00000,0.00000,0.01594,0.60509,0.57352
Lounge,2,180,-0.00320,-0.00135,0.00644,0.27793,0.01097,0.59865,0.56346
Lounge,3,305,0.00629,0.00153,0.00000,0.00000,0.01083,0.60509,0.57054
Lounge,4,126,-0.01360,-0.01307,0.00060,0.02569,0.01397,0.60450,0.55416
Lounge,5,154,0.00380,0.00269,0.00459,0.19815,0.01047,0.60050,0.56933
Lounge,6,209,0.00244,0.00401,0.00644,0.27793,0.00931,0.59865,0.56805
Lounge,7,154,-0.00321,-0.00330,0.00776,0.33492,0.00994,0.59733,0.56337
Lounge,8,108,-0.00701,-0.00898,0.01147,0.49512,0.01043,0.59362,0.55982
Lounge,9,143,-0.01864,-0.01814,0.01352,0.58358,0.01556,0.59157,0.55004
Lounge,10,278,0.00568,0.00241,0.00000,0.00000,0.01842,0.60509,0.57025
Lounge,11,283,0.00284,-0.00027,0.00040,0.01705,0.01863,0.60470,0.56816
Lounge,12,201,-0.00410,-0.00549,0.00566,0.24426,0.01346,0.59943,0.56280
Lounge,13,144,-0.00720,-0.00519,0.00954,0.41163,0.01416,0.59556,0.55990
Lounge,14,96,-0.00515,-0.00642,0.00922,0.39820,0.01091,0.59587,0.56143
Lounge,15,131,-0.00625,-0.00445,0.00377,0.16254,0.01325,0.60133,0.56065
Lounge,16,101,-0.02133,-0.02231,0.01984,0.85633,0.01397,0.58525,0.54686
Lounge,17,133,-0.00304,-0.00555,0.00396,0.17117,0.01253,0.60113,0.56346
Lounge,18,180,0.00227,0.00062,0.00504,0.21762,0.01200,0.60005,0.56798
Lounge,19,228,-0.00089,0.00140,0.00255,0.11013,0.01199,0.60254,0.56541
Lounge,20,307,0.00280,-0.00129,0.00139,0.06014,0.01687,0.60370,0.56807
Lounge,21,194,-0.00626,-0.00709,0.00255,0.11013,0.01679,0.60254,0.56101
Lounge,22,116,-0.01742,-0.01678,0.01232,0.53165,0.02084,0.59278,0.55063
Lounge,23,190,-0.00783,-0.00953,0.00675,0.29140,0.01898,0.59834,0.55971
Lounge,24,272,0.00291,0.00105,0.00000,0.00000,0.01426,0.60509,0.56825
Lunch_room,0,111,0.00818,0.01101,0.02492,0.55140,0.02691,0.40442,0.36256
Lunch_room,1,493,0.05587,0.05364,0.00000,0.00000,0.02442,0.42934,0.38452
Lunch_room,2,174,0.01148,0.01340,0.03543,0.78393,0.02949,0.39391,0.36481
Lunch_room,3,347,-0.00391,-0.00809,0.00331,0.07332,0.02694,0.42603,0.35266
Lunch_room,4,154,-0.01718,-0.02120,0.01664,0.36815,0.02896,0.41270,0.34064
Lunch_room,5,427,0.01928,0.01363,0.00000,0.00000,0.02365,0.42934,0.36659
Lunch_room,6,212,0.00373,0.00382,0.00242,0.05356,0.02551,0.42692,0.35823
Lunch_room,7,124,-0.02927,-0.02449,0.01055,0.23335,0.03146,0.41879,0.32950
Lunch_room,8,203,-0.00875,-0.01209,0.00331,0.07332,0.02666,0.42603,0.34823
Lunch_room,9,199,-0.00920,-0.01494,0.01073,0.23749,0.02476,0.41861,0.34783
Lunch_room,10,81,-0.03566,-0.04047,0.01320,0.29205,0.02832,0.41614,0.32240
Lunch_room,11,130,-0.01861,-0.02815,0.00880,0.19464,0.02564,0.42054,0.33899
Lunch_room,12,118,-0.03659,-0.03694,0.03673,0.81263,0.02273,0.39261,0.32284
Lunch_room,13,162,-0.01188,-0.01364,0.00832,0.18415,0.02643,0.42102,0.34524
Lunch_room,14,110,0.00362,-0.00731,0.00733,0.16218,0.02254,0.42201,0.35850
Lunch_room,15,162,-0.00240,-0.00429,0.00615,0.13606,0.02602,0.42319,0.35324
Lunch_room,16,188,-0.00668,-0.00064,0.01854,0.41012,0.02236,0.41080,0.34980
Lunch_room,17,123,-0.00660,-0.00376,0.01493,0.33032,0.02377,0.41441,0.34945
Lunch_room,18,181,-0.00013,0.00686,0.01647,0.36437,0.02627,0.41287,0.35515
Lunch_room,19,245,-0.00072,-0.00930,0.00000,0.00000,0.02662,0.42934,0.35471
Lunch_room,20,255,0.00568,0.00328,0.00331,0.07332,0.02679,0.42603,0.35955
Lunch_room,21,322,0.00505,-0.00111,0.00000,0.00000,0.02428,0.42934,0.35874
Lunch_room,22,294,-0.00713,-0.01220,0.00000,0.00000,0.02526,0.42934,0.35016
Lunch_room,23,135,-0.01420,-0.01162,0.00761,0.16836,0.02664,0.42173,0.34292
Lunch_room,24,225,-0.00032,-0.00338,0.00419,0.09270,0.02547,0.42515,0.35501
Meeting_room,0,158,-0.01092,-0.00913,0.01822,0.62658,0.01996,0.54959,0.51317
Meeting_room,1,104,-0.04554,-0.04557,0.03397,1.16845,0.02499,0.53383,0.48146
Meeting_room,2,225,-0.00274,-0.00265,0.00483,0.16604,0.01681,0.56298,0.52028
Meeting_room,3,143,-0.00546,-0.00820,0.02487,0.85553,0.01387,0.54293,0.51772
Meeting_room,4,164,-0.00659,-0.00660,0.00483,0.16604,0.01728,0.56298,0.51688
Meeting_room,5,104,-0.04469,-0.04588,0.03538,1.21701,0.01999,0.53242,0.48223
Meeting_room,6,112,-0.00957,-0.00965,0.01206,0.41473,0.01470,0.55575,0.51390
Meeting_room,7,206,0.00343,0.00296,0.01521,0.52322,0.01431,0.55259,0.52517
Meeting_room,8,129,-0.00182,0.00061,0.01609,0.55352,0.01743,0.55171,0.52083
Meeting_room,9,189,0.00689,0.01394,0.01042,0.35842,0.01479,0.55738,0.52806
Meeting_room,10,445,0.01910,0.01825,0.00000,0.00000,0.01257,0.56780,0.53332
Meeting_room,11,312,0.00172,0.00182,0.00498,0.17123,0.01531,0.56282,0.52363
Meeting_room,12,357,0.00640,0.00348,0.00000,0.00000,0.01563,0.56780,0.52662
Meeting_room,13,132,-0.00302,-0.00250,0.00094,0.03244,0.01720,0.56686,0.51979
Meeting_room,14,88,-0.00523,-0.01086,0.01126,0.38718,0.01781,0.55655,0.51764
Meeting_room,15,134,-0.00726,-0.00909,0.01089,0.37459,0.01649,0.55691,0.51610
Meeting_room,16,135,-0.00614,-0.00620,0.00435,0.14966,0.01881,0.56345,0.51709
Meeting_room,17,180,-0.00736,-0.00576,0.00414,0.14227,0.01660,0.56367,0.51635
Meeting_room,18,151,-0.00025,-0.00281,0.00771,0.26524,0.01455,0.56009,0.52221
Meeting_room,19,276,0.00766,0.00409,0.00000,0.00000,0.01658,0.56780,0.52804
Meeting_room,20,216,0.00281,0.00247,0.00014,0.00495,0.01659,0.56766,0.52465
Meeting_room,21,208,0.00373,-0.00056,0.00561,0.19300,0.01610,0.56219,0.52541
Meeting_room,22,305,0.00630,0.00504,0.00194,0.06690,0.01491,0.56586,0.52687
Meeting_room,23,404,0.01209,0.00841,0.00000,0.00000,0.01653,0.56780,0.52980
Meeting_room,24,298,0.00594,-0.00009,0.00000,0.00000,0.01682,0.56780,0.52665
Playground,0,266,0.03444,0.04355,0.00148,0.03155,0.02650,0.51985,0.43095
Playground,1,301,0.03274,0.04076,0.00000,0.00000,0.02643,0.52133,0.42841
Playground,2,160,0.00017,-0.00345,0.03819,0.81626,0.02194,0.48314,0.40777
Playground,3,69,-0.01698,-0.02749,0.07228,1.54490,0.02987,0.44905,0.39208
Playground,4,384,0.00741,-0.00213,0.00000,0.00000,0.02734,0.52133,0.41159
Playground,5,91,-0.01882,-0.02027,0.02171,0.46400,0.02784,0.49962,0.39089
Playground,6,93,-0.02305,-0.02221,0.04842,1.03490,0.02678,0.47291,0.38718
Playground,7,82,-0.02517,-0.02645,0.05153,1.10144,0.02285,0.46980,0.38496
Playground,8,99,-0.02868,-0.03052,0.02885,0.61672,0.02910,0.49247,0.38239
Playground,9,84,-0.01745,-0.02611,0.05649,1.20746,0.03313,0.46484,0.39197
Playground,10,210,0.00011,-0.00189,0.05382,1.15030,0.02521,0.46751,0.40772
Playground,11,130,-0.02335,-0.01478,0.05656,1.20900,0.02796,0.46476,0.38797
Playground,12,109,-0.01820,-0.02106,0.04353,0.93040,0.02479,0.47780,0.39184
Playground,13,126,-0.01167,-0.02275,0.04148,0.88662,0.02527,0.47985,0.39774
Playground,14,90,-0.03116,-0.03208,0.07321,1.56482,0.03734,0.44812,0.37988
Playground,15,119,-0.02142,-0.02129,0.06660,1.42362,0.03401,0.45472,0.38931
Playground,16,194,-0.00748,-0.01024,0.05077,1.08528,0.03073,0.47055,0.40191
Playground,17,211,-0.00201,0.00092,0.02445,0.52265,0.02858,0.49688,0.40613
Playground,18,206,0.01695,0.01062,0.00000,0.00000,0.02823,0.52133,0.42035
Playground,19,311,0.02118,0.01056,0.00000,0.00000,0.03224,0.52133,0.42082
Playground,20,177,0.01028,0.00218,0.00148,0.03155,0.02980,0.51985,0.41571
Playground,21,248,0.00988,0.00452,0.00000,0.00000,0.02841,0.52133,0.41454
Playground,22,101,-0.01465,-0.01483,0.02526,0.53995,0.02561,0.49607,0.39478
Playground,23,106,-0.00550,-0.00129,0.01371,0.29296,0.02858,0.50762,0.40284
Playground,24,153,-0.00219,0.00063,0.02421,0.51742,0.03203,0.49712,0.40585
Porch,0,96,-0.07697,-0.07512,0.09329,1.68367,0.02325,0.54520,0.48940
Porch,1,233,0.03191,0.03388,0.00000,0.00000,0.03387,0.63849,0.58395
Porch,2,168,0.00191,0.00289,0.01923,0.34712,0.02543,0.61926,0.56083
Porch,3,124,-0.02549,-0.02729,0.03547,0.64014,0.04316,0.60302,0.53680
Porch,4,306,0.00476,0.00155,0.00252,0.04555,0.04212,0.63597,0.56259
Porch,5,346,0.01201,0.00715,0.00000,0.00000,0.04238,0.63849,0.56722
Porch,6,115,-0.01823,-0.01745,0.01594,0.28758,0.02903,0.62256,0.54302
Porch,7,99,-0.06459,-0.06045,0.00495,0.08940,0.04722,0.63354,0.50082
Porch,8,235,0.01324,0.01904,0.00591,0.10662,0.02766,0.63258,0.56946
Porch,9,295,0.02011,0.02160,0.00039,0.00695,0.03137,0.63811,0.57361
Porch,10,212,0.01480,0.01302,0.00656,0.11846,0.02939,0.63193,0.57100
Porch,11,162,0.01658,0.01098,0.00252,0.04555,0.02988,0.63597,0.57321
Porch,12,155,-0.00049,-0.00215,0.00537,0.09691,0.03117,0.63312,0.55881
Porch,13,128,-0.03793,-0.03309,0.01931,0.34843,0.04999,0.61918,0.52599
Porch,14,226,0.00327,-0.00164,0.00000,0.00000,0.03263,0.63849,0.56178
Porch,15,222,0.00861,0.01105,0.00110,0.01976,0.03127,0.63740,0.56600
Porch,16,127,-0.01086,-0.00530,0.00011,0.00193,0.03600,0.63838,0.54970
Porch,17,142,0.00010,-0.00419,0.00762,0.13754,0.04516,0.63087,0.55931
Porch,18,160,-0.01215,-0.00883,0.00806,0.14549,0.04578,0.63043,0.54896
Porch,19,294,0.00601,-0.00193,0.00928,0.16749,0.03767,0.62921,0.56353
Porch,20,363,0.00355,0.00339,0.00000,0.00000,0.04422,0.63849,0.56154
Porch,21,212,-0.00088,0.00016,0.00039,0.00695,0.04707,0.63811,0.55853
Porch,22,167,-0.00855,-0.00754,0.00559,0.10095,0.05199,0.63290,0.55206
Porch,23,274,0.00394,-0.00511,0.00000,0.00000,0.04716,0.63849,0.56212
Porch,24,314,-0.00257,-0.00308,0.00039,0.00695,0.04768,0.63811,0.55744
Pots,0,93,-0.00976,-0.00782,0.00909,0.54747,0.00767,0.65286,0.61660
Pots,1,221,-0.00241,-0.00501,0.00377,0.22696,0.01211,0.65819,0.62359
Pots,2,120,-0.01696,-0.01661,0.02017,1.21431,0.00922,0.64179,0.61049
Pots,3,110,-0.01762,-0.01551,0.01348,0.81121,0.00943,0.64848,0.60975
Pots,4,243,-0.00052,-0.00411,0.00466,0.28072,0.01029,0.65729,0.62509
Pots,5,130,-0.00188,-0.00308,0.00000,0.00000,0.01033,0.66196,0.62384
Pots,6,295,0.00288,0.00129,0.00466,0.28072,0.01343,0.65729,0.62755
Pots,7,242,0.00127,0.00118,0.00377,0.22696,0.01231,0.65819,0.62646
Pots,8,93,-0.00623,-0.00846,0.01359,0.81819,0.01093,0.64837,0.61982
Pots,9,248,-0.00052,0.00003,0.00377,0.22696,0.01301,0.65819,0.62510
Pots,10,165,-0.00177,-0.00231,0.00542,0.32641,0.01059,0.65654,0.62400
Pots,11,462,0.01718,0.01439,0.00000,0.00000,0.01191,0.66196,0.63500
Pots,12,194,0.00149,0.00009,0.00466,0.28072,0.01214,0.65729,0.62670
Pots,13,152,0.00130,-0.00046,0.00727,0.43760,0.01241,0.65469,0.62660
Pots,14,249,0.00308,0.00202,0.00000,0.00000,0.01047,0.66196,0.62783
Pots,15,311,0.00324,0.00128,0.00000,0.00000,0.01183,0.66196,0.62776
Pots,16,204,-0.00200,-0.00089,0.00466,0.28054,0.01161,0.65730,0.62388
Pots,17,129,0.00263,0.00069,0.00649,0.39070,0.01023,0.65547,0.62779
Pots,18,164,-0.00276,-0.00262,0.01172,0.70555,0.01094,0.65024,0.62317
Pots,19,235,0.00268,0.00194,0.00704,0.42399,0.01096,0.65492,0.62756
Pots,20,148,-0.00426,-0.00321,0.00606,0.36458,0.01037,0.65590,0.62184
Pots,21,402,0.00241,0.00257,0.00000,0.00000,0.01223,0.66196,0.62696
Pots,22,177,-0.00338,-0.00003,0.00682,0.41081,0.01099,0.65513,0.62269
Pots,23,151,-0.00461,-0.00506,0.00326,0.19613,0.01272,0.65870,0.62155
Pots,24,237,-0.00006,0.00093,0.00466,0.28054,0.01179,0.65730,0.62545
Printing_area,0,122,-0.05466,-0.04971,0.04215,0.89772,0.03287,0.67439,0.57064
Printing_area,1,217,-0.02023,-0.02307,0.03122,0.66482,0.02950,0.68533,0.60285
Printing_area,2,389,0.00821,0.00032,0.00000,0.00000,0.02636,0.71655,0.62388
Printing_area,3,96,-0.03652,-0.03944,0.04479,0.95392,0.02482,0.67175,0.58569
Printing_area,4,86,-0.07560,-0.07329,0.09659,2.05699,0.02324,0.61996,0.54954
Printing_area,5,120,-0.01867,-0.01438,0.05123,1.09102,0.01940,0.66531,0.60231
Printing_area,6,116,-0.02577,-0.02363,0.06639,1.41376,0.01715,0.65016,0.59594
Printing_area,7,94,-0.00432,-0.01382,0.03933,0.83766,0.01645,0.67721,0.61486
Printing_area,8,416,0.02843,0.02141,0.00000,0.00000,0.02403,0.71655,0.63566
Printing_area,9,127,-0.01347,-0.01651,0.01188,0.25298,0.03292,0.70467,0.60699
Printing_area,10,162,0.00639,0.00465,0.00653,0.13896,0.02326,0.71002,0.62416
Printing_area,11,285,0.01808,0.01450,0.00000,0.00000,0.01971,0.71655,0.63183
Printing_area,12,244,0.01905,0.01378,0.00508,0.10816,0.01918,0.71147,0.63329
Printing_area,13,328,0.02476,0.02366,0.00591,0.12582,0.02245,0.71064,0.63561
Printing_area,14,351,0.02039,0.01609,0.00000,0.00000,0.02129,0.71655,0.63218
Printing_area,15,158,-0.01253,-0.00608,0.02883,0.61397,0.01778,0.68772,0.60819
Printing_area,16,201,0.00326,0.01128,0.02826,0.60174,0.01761,0.68829,0.62141
Printing_area,17,172,-0.01123,-0.01444,0.02815,0.59957,0.02391,0.68839,0.60944
Printing_area,18,132,-0.02084,-0.02066,0.05088,1.08357,0.02382,0.66566,0.60064
Printing_area,19,177,-0.00482,-0.00661,0.01615,0.34402,0.02533,0.70039,0.61480
Printing_area,20,319,0.00688,0.00817,0.00591,0.12582,0.02882,0.71064,0.62352
Printing_area,21,127,-0.00987,-0.00508,0.02599,0.55340,0.02112,0.69056,0.61014
Printing_area,22,179,0.00332,-0.00044,0.01330,0.28315,0.02191,0.70325,0.62153
Printing_area,23,212,-0.00592,-0.00186,0.01343,0.28601,0.02816,0.70312,0.61409
Printing_area,24,285,0.01733,0.00688,0.00000,0.00000,0.02395,0.71655,0.63129
Zen,0,201,0.01154,0.01258,0.02250,0.36011,0.01874,0.56248,0.50316
Zen,1,238,0.01994,0.01688,0.01001,0.16018,0.02195,0.57497,0.50921
Zen,2,349,0.02757,0.02516,0.00000,0.00000,0.02025,0.58498,0.51213
Zen,3,107,-0.06373,-0.05622,0.06741,1.07866,0.03175,0.51758,0.43672
Zen,4,110,-0.11031,-0.11624,0.11989,1.91842,0.03561,0.46510,0.39527
Zen,5,222,0.01709,0.01767,0.00990,0.15844,0.02038,0.57508,0.50729
Zen,6,116,-0.08639,-0.09112,0.07493,1.19910,0.02652,0.51005,0.41715
Zen,7,99,-0.01553,-0.02834,0.02527,0.40437,0.01906,0.55971,0.47981
Zen,8,103,-0.02407,-0.01918,0.03225,0.51607,0.02067,0.55273,0.47218
Zen,9,205,-0.00637,-0.00675,0.00876,0.14015,0.02715,0.57622,0.48875
Zen,10,157,0.00258,-0.00010,0.00990,0.15844,0.02194,0.57508,0.49605
Zen,11,419,0.00756,0.00953,0.00000,0.00000,0.02236,0.58498,0.49836
Zen,12,298,0.01105,0.01112,0.00218,0.03493,0.02100,0.58280,0.50173
Zen,13,86,-0.06982,-0.07850,0.09593,1.53508,0.03305,0.48905,0.42984
Zen,14,163,-0.00830,-0.00417,0.03138,0.50218,0.02181,0.55360,0.48687
Zen,15,307,0.02059,0.01091,0.00000,0.00000,0.01807,0.58498,0.50834
Zen,16,312,0.01721,0.01710,0.00289,0.04625,0.02065,0.58209,0.50588
Zen,17,138,-0.00336,-0.00764,0.02821,0.45134,0.01984,0.55678,0.49094
Zen,18,367,0.00539,0.00668,0.00000,0.00000,0.02464,0.58498,0.49734
Zen,19,168,0.01640,0.00594,0.00227,0.03631,0.02059,0.58271,0.50760
Zen,20,210,0.01586,0.00739,0.00684,0.10939,0.02210,0.57815,0.50650
Zen,21,184,0.00555,0.00830,0.01337,0.21396,0.02047,0.57161,0.49842
Zen,22,221,0.00518,0.00342,0.00000,0.00000,0.02199,0.58498,0.49793
Zen,23,263,0.01481,0.00747,0.00357,0.05705,0.02303,0.58142,0.50491
Zen,24,132,-0.00837,-0.00307,0.00917,0.14669,0.02452,0.57582,0.48655
